movie_name,release_year,primary_genre,language,production_scale,review_id_1,review_1_date,review_1_rating,review_1_word_count,review_id_2,review_2_date,review_2_rating,review_2_word_count,rating_difference,rating_trend,word_count_difference,char3_jaccard_similarity,char3_jaccard_distance,word2_jaccard_similarity,word2_jaccard_distance,word_unigram_similarity,word_unigram_distance,tfidf_cosine_similarity,tfidf_cosine_distance,minhash_estimated_similarity,lsh_candidate_collision,discourse_shift,review_1_snippet,review_2_snippet
2001: A Space Odyssey,1968,Science Fiction,English,Commercial,REV_035307,2010-07-31,5.0,43,REV_035445,2024-09-02,4.5,1,-0.5,Negative (Hype Decay),-42,0.0,1.0,0.0,1.0,0.0,1.0,0.0,1.0,0.0,NO (Pruned),High Semantic Drift,"99/100[tweets from 2010]Not my favorite film ever, but if I had to make an objective vote for the be...",......
A Brighter Summer Day,1991,Crime,Chinese,Epic,REV_005311,2012-04-01,5.0,120,REV_005282,2024-09-02,3.5,536,-1.5,Negative (Hype Decay),416,0.1929,0.8071,0.0066,0.9934,0.0293,0.9707,0.0705,0.9295,0.25,YES (Collided),High Semantic Drift,"A magnificent achievement, A Brighter Summer Day is a near four-hour novelistic film set in 1960s Ta...","Si je dois être tout à fait honnête, j’avais une petite peur ces derniers temps, que mon cerveau ..."
A Man Escaped,1956,Thriller,French,Independent,REV_021474,2010-04-21,5.0,49,REV_021765,2024-08-28,4.5,4,-0.5,Negative (Hype Decay),-45,0.009,0.991,0.0,1.0,0.0,1.0,0.0,1.0,0.01,NO (Pruned),High Semantic Drift,"Para escapar da prisão da vida é preciso escapar da prisão dos sentidos, que os olhos pegam-nos p...","Erm, spoiler alert! ☝️🤓..."
A Matter of Life and Death,1946,Comedy,English,Independent,REV_051103,2012-09-25,4.5,56,REV_051047,2024-09-02,4.0,51,-0.5,Negative (Hype Decay),-5,0.1613,0.8387,0.0097,0.9903,0.0795,0.9205,0.0,1.0,0.14,NO (Pruned),High Semantic Drift,Unique and enjoyable from beginning to end. I especially love how it's always unclear to the viewer ...,I’m choosing to largely ignore the third act that becomes a Sorkin type dialogue exchange over which...
A Special Day,1977,Romance,Italian,Independent,REV_037265,2012-10-17,5.0,104,REV_037306,2024-09-03,5.0,82,0.0,Identical Consensus,-22,0.1087,0.8913,0.0,1.0,0.014,0.986,0.0,1.0,0.09,NO (Pruned),High Semantic Drift,Has anyone else seen this film? This is Sophia Loren's and Marcello Mastroianni's best film together...,"""Solo che oggi per me è una giornata particolare, lo sai? È come in un sogno quando... quando vuoi..."
A Woman Under the Influence,1974,Romance,English,Commercial,REV_014428,2013-03-07,5.0,253,REV_014432,2024-09-03,3.0,19,-2.0,Negative (Hype Decay),-234,0.0702,0.9298,0.0039,0.9961,0.0108,0.9892,0.0218,0.9782,0.05,NO (Pruned),High Semantic Drift,A devastating masterwork of one woman's downward spiral and a humanist deconstruction of domestic so...,"Gena Rowlands es absolutamente increíble en esta pelicula, hace gala de una actuación totalmente d..."
Akira,1988,Action,Japanese,Independent,REV_039425,2012-06-09,5.0,336,REV_039314,2024-09-01,5.0,12,0.0,Identical Consensus,-324,0.0311,0.9689,0.0,1.0,0.0088,0.9912,0.0401,0.9599,0.03,NO (Pruned),High Semantic Drift,"Akira singlehandedly kick-started a personal fascination with Anime and Japanese culture, while at t...",Why people are calling it Akira slide if it was Kaneda's slide!?️...
Alien,1979,Horror,English,Independent,REV_041989,2012-05-20,5.0,490,REV_041887,2024-09-03,4.0,405,-1.0,Negative (Hype Decay),-85,0.3929,0.6071,0.0361,0.9639,0.1797,0.8203,0.0627,0.9373,0.4,NO (Pruned),High Semantic Drift,With Prometheus on the horizon I decided it was time to watch the film that had started it all again...,It's probably been over a year since I saw the movie for the first time and when I just turned it on...
All That Jazz,1979,Music,English,Commercial,REV_027880,2013-12-08,4.5,8,REV_027853,2024-09-03,4.0,29,-0.5,Negative (Hype Decay),21,0.01,0.99,0.0,1.0,0.0,1.0,0.0,1.0,0.02,NO (Pruned),High Semantic Drift,the sheriff who escorts you out of town...,Un espectáculo bellamente logrado. una clase maestra de dirección y realización cinematográfica....
Amadeus,1984,History,English,Epic,REV_026575,2011-10-03,3.5,294,REV_026634,2024-09-03,4.5,23,1.0,Positive (Canonization),-271,0.0656,0.9344,0.0,1.0,0.0362,0.9638,0.1492,0.8508,0.05,NO (Pruned),High Semantic Drift,"69/100[originally written on my blog]Not bad as Best Picture winners go—apart from Rain Man, for wh...","Wolfie was a pookie, long before it was even a thing. I'll be a Mozart & Salieri stan forever 🤌🎀Best..."
Amour,2012,Romance,French,Independent,REV_056092,2012-05-20,4.0,37,REV_056169,2024-09-01,4.0,70,0.0,Identical Consensus,33,0.0648,0.9352,0.0,1.0,0.0,1.0,0.0,1.0,0.05,NO (Pruned),High Semantic Drift,"77/100Cannes '12 capsule. ""I've already made Funny Games twice. What realms of sadism are there left...","Voy a tirar una reflexión muy falopa, pero esta película me hizo pensar un punto a favor de los qu..."
Anatomy of a Murder,1959,Crime,English,Commercial,REV_055085,2012-02-24,4.5,147,REV_055333,2024-09-02,4.0,4,-0.5,Negative (Hype Decay),-143,0.0171,0.9829,0.0,1.0,0.0,1.0,0.0,1.0,0.03,NO (Pruned),High Semantic Drift,"83/100[Originally written on my blog.]Such a strange film, especially for its time. Despite being fi...",humble country lawyer core...
Andrei Rublev,1966,History,Russian,Epic,REV_009742,2005-07-02,4.5,745,REV_010038,2024-09-01,5.0,261,0.5,Positive (Canonization),-484,0.196,0.804,0.0,1.0,0.0062,0.9938,0.0,1.0,0.3,NO (Pruned),High Semantic Drift,"Los Straub tienen muy claro este concepto: un plano dura lo que tiene que durar, pero sin ninguna in...","Holy fucking sh1t.Im sooo tired so gonna write a review tmrw but wow. Top 5 movie oat, either best T..."
Apocalypse Now,1979,War,English,Commercial,REV_009172,1994-02-19,2.5,481,REV_009338,2024-09-02,5.0,36,2.5,Positive (Canonization),-445,0.0552,0.9448,0.0,1.0,0.0035,0.9965,0.0,1.0,0.09,NO (Pruned),High Semantic Drift,"(esta cotação é para a versão de 153 minutos; a ""redux"" é **; a ""final"" eu ainda não sei; reco...",Finally saw all 5 of my top 5 favorites in theaters. I would write a giant analysis here..but I've a...
Army of Shadows,1969,History,French,Independent,REV_023847,2004-03-03,5.0,420,REV_024047,2024-09-02,5.0,257,0.0,Identical Consensus,-163,0.1917,0.8083,0.0,1.0,0.0137,0.9863,0.0203,0.9797,0.22,NO (Pruned),High Semantic Drift,(a partir daqui e principalmente daqui)Então o melhor filme do Melville - um homem que a partir dos...,One of the best and most methodical pieces of cinema I’ve seen. Melville seems to have perfect contr...
Barry Lyndon,1975,War,English,Epic,REV_015029,2004-11-02,5.0,79,REV_015038,2024-09-03,3.5,2,-1.5,Negative (Hype Decay),-77,0.0096,0.9904,0.0,1.0,0.0167,0.9833,0.0598,0.9402,0.01,NO (Pruned),High Semantic Drift,"As a huge fan of Stanley Kubrick for many years, and after film school, I recognized the cinematic v...",500. film...
Before Sunrise,1995,Romance,English,Independent,REV_025371,2007-05-04,4.0,44,REV_025340,2024-09-03,4.5,99,0.5,Positive (Canonization),55,0.142,0.858,0.0,1.0,0.0857,0.9143,0.0304,0.9696,0.2,NO (Pruned),High Semantic Drift,"Linklaters heart-warming, melancholic, refreshingly unagitated small love movie. a student film. but...",this is everyone's dream. a true fantasy. how can one make a film so natural but yet so touching whe...
Before Sunset,2004,Romance,English,Independent,REV_023219,2007-11-28,4.0,46,REV_023308,2024-09-02,4.5,66,0.5,Positive (Canonization),20,0.1531,0.8469,0.0,1.0,0.093,0.907,0.019,0.981,0.17,NO (Pruned),High Semantic Drift,a little more deliberate and grown up than the youthful whippersnapper Before Sunrise was. being a m...,wahhhhhhhhhh crying and sobbing on the plane coming back to the states alone after europe trip with ...
Brief Encounter,1945,Romance,English,Independent,REV_028631,2012-03-16,4.5,170,REV_028521,2024-09-03,5.0,25,0.5,Positive (Canonization),-145,0.0813,0.9187,0.0055,0.9945,0.0543,0.9457,0.0123,0.9877,0.06,NO (Pruned),High Semantic Drift,Banned here in my own native Ireland for being sympathetic to adultery despite the fact that it's no...,I wish you'd stop talking. I wish you'd stop prying and trying to find things out. I wish you were d...
Casablanca,1942,Romance,English,Independent,REV_040543,2011-11-03,4.0,309,REV_040610,2024-09-01,5.0,15,1.0,Positive (Canonization),-294,0.0379,0.9621,0.0063,0.9937,0.0321,0.9679,0.0125,0.9875,0.06,NO (Pruned),High Semantic Drift,"80/100[originally written on my blog]Reduced to its essence, Casablanca has three crucial scenes: Il...","“Louis, I think this is the beginning of a beautiful friendship.”Film sadly peaked in 1942🙏..."
Children of Men,2006,Action,English,Independent,REV_033213,2006-09-23,4.5,30,REV_033311,2024-09-02,4.5,27,0.0,Identical Consensus,-3,0.0689,0.9311,0.0,1.0,0.0408,0.9592,0.0,1.0,0.03,NO (Pruned),High Semantic Drift,"Cuaron's dystopian, apocalyptic kaleidoscope. a blank-tarnished hyper-reality, full metal symbolism....",Wasn’t expecting this to hit this close to home but it doesLove any movie with great cat representat...
Children of Paradise,1945,Romance,French,Epic,REV_044972,2011-06-29,5.0,603,REV_044934,2024-09-03,4.0,49,-1.0,Negative (Hype Decay),-554,0.1333,0.8667,0.0034,0.9966,0.0488,0.9512,0.0456,0.9544,0.16,NO (Pruned),High Semantic Drift,DAVID: ★★★★★*Reviewed as part of the Classics segment. Review by Margaret Pomeranz. *David rated thi...,"thought it’d be fitting to quote a theater production of sorts, so here’s one from the musical adapt..."
Chinatown,1974,Thriller,English,Commercial,REV_034378,1996-02-24,3.0,405,REV_034423,2024-09-03,5.0,16,2.0,Positive (Canonization),-389,0.0406,0.9594,0.0,1.0,0.0047,0.9953,0.0,1.0,0.06,NO (Pruned),High Semantic Drift,"O que pode limitar um pouco ou muito o cinema do Polanski é que o mal, ou para ser mais preciso o q...",i need the soundtrack to play over my own life every time something slightly significant happens...
Chungking Express,1994,Comedy,Cantonese,Independent,REV_034679,2001-10-18,3.5,655,REV_034574,2024-09-03,4.0,185,0.5,Positive (Canonization),-470,0.1838,0.8162,0.0026,0.9974,0.0203,0.9797,0.0133,0.9867,0.29,NO (Pruned),High Semantic Drift,"Estava pensando o outro dia no que seria um Lost in Translation sem a chantajarada pseudo-profunda, ...","Did I leave the tap running, or is the apartment getting more tearful? I always thought it would cop..."
Cinema Paradiso,1988,Romance,Italian,Independent,REV_006940,2012-12-16,4.5,307,REV_006833,2024-09-03,5.0,201,0.5,Positive (Canonization),-106,0.3398,0.6602,0.0127,0.9873,0.1367,0.8633,0.2429,0.7571,0.39,NO (Pruned),Stable Discourse,"Although it'd been nearly seven years since I'd last seen Cinema Paradiso, tonight's viewing reminde...","""Progress always comes late.""Beautiful and devastating at the same time. There isn't much in life I ..."
City Lights,1931,Comedy,No spoken language,Independent,REV_022513,1993-01-23,5.0,77,REV_022467,2024-09-01,4.5,47,-0.5,Negative (Hype Decay),-30,0.0526,0.9474,0.0,1.0,0.0101,0.9899,0.0,1.0,0.08,NO (Pruned),High Semantic Drift,"Quanto àqueles os quais não digo que prefiro a estes, mas que me parecem mais próximos daquilo qu...",I’m telling you right now that this movie will cheer you up even when you’re not feeling well. Like ...
City of God,2002,Crime,Portuguese,Independent,REV_003236,2002-08-30,3.5,202,REV_003220,2024-09-04,5.0,82,1.5,Positive (Canonization),-120,0.2264,0.7736,0.0112,0.9888,0.1366,0.8634,0.0902,0.9098,0.29,NO (Pruned),High Semantic Drift,"Welcome to Moonlight, if Moonlight took place in Brazil. The entire movie, I couldn't help think of ...","A second viewing is absolutely essential to this movie, I didn’t appreciate its brilliance the first..."
Come and See,1985,War,Russian,Independent,REV_000354,2012-10-11,5.0,49,REV_000641,2024-09-01,5.0,79,0.0,Identical Consensus,30,0.0,1.0,0.0,1.0,0.0,1.0,0.0,1.0,0.0,NO (Pruned),High Semantic Drift,"One of the more upsetting experiences I've had in a long time, and a true document of evil so distur...","""التاريخ يذكر قائداً، فكن من الجنود"" ومت بسلام.من الأفلام التي لن تتجرأ على مشاهدتها مرة ثانية من..."
Cure,1997,Crime,Japanese,Independent,REV_046566,2012-10-24,4.5,362,REV_046728,2024-09-02,4.5,229,0.0,Identical Consensus,-133,0.2247,0.7753,0.0,1.0,0.0285,0.9715,0.0551,0.9449,0.2,NO (Pruned),High Semantic Drift,Cure is a perfect example of how to make a serial killer and mystery film. To blend both sub genres ...,Is it hypnosis or is it le pouvoir d'un dude avec un vraiment beau pull de laine *tousse* James Stew...
Das Boot,1981,War,German,Independent,REV_035537,2011-07-10,3.5,260,REV_035546,2024-09-03,3.5,21,0.0,Identical Consensus,-239,0.0522,0.9478,0.0,1.0,0.0096,0.9904,0.0,1.0,0.11,NO (Pruned),High Semantic Drift,"64/100[originally written on my blog]Here's an odd syllogism: (1) At 209 minutes, this movie is abou...","""Alarme!""sinceramente não dei a mínima pra ninguém dentro desse barco só fiquei com agonia do al..."
Dersu Uzala,1975,Adventure,Russian,Independent,REV_050150,1994-02-19,4.5,20,REV_050314,2024-09-01,4.0,9,-0.5,Negative (Hype Decay),-11,0.0965,0.9035,0.0476,0.9524,0.1,0.9,0.2655,0.7345,0.1,NO (Pruned),Stable Discourse,Annette Michelson sobre Dersu Uzala.Serge Daney sobre Dersu Uzala.Maiores filósofos séc. XX: Buste...,dersu uzala feels like a warm hug 🫂 🫂...
Django Unchained,2012,Western,English,Commercial,REV_037624,2012-12-07,4.0,13,REV_037831,2024-09-03,5.0,51,1.0,Positive (Canonization),38,0.0712,0.9288,0.0,1.0,0.0588,0.9412,0.0,1.0,0.05,NO (Pruned),High Semantic Drift,Life is cheap and revenge would appear to be as American as capitalism....,“You know what there going to call you. Fastest gun in the west.” This movie was genuinely amazing. ...
Dog Day Afternoon,1975,Thriller,English,Commercial,REV_029728,2012-12-06,4.5,364,REV_029620,2024-09-03,5.0,140,0.5,Positive (Canonization),-224,0.3256,0.6744,0.0064,0.9936,0.1321,0.8679,0.1232,0.8768,0.39,NO (Pruned),High Semantic Drift,"Sal, Wyoming's not a country. -SonnyWhen I think of Sidney Lumet I think of an actor's director. So ...",2024 Countdown Scavenger Hunt - Lite Version25. Watch a movie from the Taste of Cinema’s Top 20 Heis...
Double Indemnity,1944,Crime,English,Independent,REV_042736,2012-05-23,4.5,18,REV_042544,2024-09-02,4.5,27,0.0,Identical Consensus,9,0.0758,0.9242,0.0,1.0,0.0,1.0,0.0,1.0,0.03,NO (Pruned),High Semantic Drift,"The quintessential film noir. Just a fantastic movie all-around, with some of the most awesome dialo...","I love noirs in ""dead man's monologue"" style. and well, to be completely fair i’d do exact same thin..."
Dr. Strangelove or: How I Learned to Stop Worrying and Love the Bomb,1964,Comedy,English,Independent,REV_032660,2011-01-28,5.0,208,REV_032603,2024-09-04,4.5,96,-0.5,Negative (Hype Decay),-112,0.2107,0.7893,0.0138,0.9862,0.107,0.893,0.0272,0.9728,0.22,NO (Pruned),High Semantic Drift,"One of the greatest political satires ever made, a masterpiece of cinema and insurgent humor, with b...","I don’t have much to say about the film, I watched it only because it’s by Stanley Kubrick and I don..."
Dune: Part Two,2024,Adventure,English,Commercial,REV_008738,2024-02-13,5.0,5,REV_009033,2024-08-17,5.0,16,0.0,Identical Consensus,11,0.0275,0.9725,0.0,1.0,0.0,1.0,0.0,1.0,0.03,NO (Pruned),High Semantic Drift,"""Humans are almost always lonely.""...",I genuinely feel sorry for anyone who missed the opportunity to see this movie in theaters...
Eternal Sunshine of the Spotless Mind,2004,Science Fiction,English,Independent,REV_046821,2012-12-18,5.0,555,REV_046974,2024-09-03,5.0,111,0.0,Identical Consensus,-444,0.2339,0.7661,0.0048,0.9952,0.0898,0.9102,0.0428,0.9572,0.26,NO (Pruned),High Semantic Drift,Part of Dastardly Difficult December: film nr.61Joy and pain are intricately linked in our lives. It...,Idk why I rated it 3 stars on my first watch cause this has always been a great movie and now one of...
Evangelion: 3.0+1.0 Thrice Upon a Time,2021,Science Fiction,Japanese,Independent,REV_042257,2021-01-25,5.0,15,REV_042418,2024-08-31,4.5,281,-0.5,Negative (Hype Decay),266,0.0476,0.9524,0.0,1.0,0.0109,0.9891,0.006,0.994,0.06,NO (Pruned),High Semantic Drift,Turns out it’s just the first scene of end Eva repeated 60 time best movie...,"Et voilà que la saga “Evangelion” se termine pour ma part, avec un immense film.Alors je avais êtr..."
Everything Everywhere All at Once,2022,Science Fiction,English,Commercial,REV_033902,1896-06-18,0.5,16,REV_034069,2024-08-28,5.0,224,4.5,Positive (Canonization),208,0.0532,0.9468,0.0,1.0,0.028,0.972,0.0,1.0,0.0,NO (Pruned),High Semantic Drift,"0.5/10Why is it, despite there being a multiverse split, theres no Lego Qui Gon Jinn? >:(...",Our AMC had a showing for this in IMAX and obviously this being my favorite movie we had to go!Don't...
Fanny and Alexander,1982,Mystery,Swedish,Epic,REV_011415,2006-04-12,2.0,54,REV_011518,2024-08-28,5.0,104,3.0,Positive (Canonization),50,0.1591,0.8409,0.0,1.0,0.0609,0.9391,0.0116,0.9884,0.16,NO (Pruned),High Semantic Drift,Bergmans panoptical autobiographical family tale is - instead of a squaring of his oevre - an endles...,Such an incredible swan song from Bergman. Exploring the main themes he has explored throughout his ...
Fantastic Mr. Fox,2009,Comedy,English,Independent,REV_039893,2013-09-07,5.0,350,REV_040062,2024-09-04,4.0,57,-1.0,Negative (Hype Decay),-293,0.1586,0.8414,0.0052,0.9948,0.073,0.927,0.0804,0.9196,0.24,NO (Pruned),High Semantic Drift,"Fantastic Mr. Anderson!This is cute, brilliant, inventive, vibrant, sharp, sarcastic, full of colour...","“ i think i have this thing where i need everybody to think i’m the greatest, the quote-unquote fant..."
Fight Club,1999,Thriller,English,Commercial,REV_040960,2007-10-31,5.0,133,REV_041123,2024-09-04,4.5,115,-0.5,Negative (Hype Decay),-18,0.2476,0.7524,0.0169,0.9831,0.1145,0.8855,0.1456,0.8544,0.28,NO (Pruned),High Semantic Drift,additional notesdoes Fight Club deny the possibility of friendship? relationships and exchanged inti...,Sometimes the best movies Jared Leto is in are the ones where he gets his shit kicked in.Believe it ...
GoodFellas,1990,Crime,English,Commercial,REV_005759,2012-05-16,5.0,227,REV_005738,2024-09-03,5.0,69,0.0,Identical Consensus,-158,0.2174,0.7826,0.0145,0.9855,0.1307,0.8693,0.028,0.972,0.19,NO (Pruned),High Semantic Drift,"My most favorite gangster movie from Martin Scorsese, based on the book ‘Wiseguy: Life in a Mafia fa...",Watching my cousin vinny really made me want to rewatch this classicThis is Scorseses best and one o...
Grave of the Fireflies,1988,Animation,Japanese,Independent,REV_007023,2012-07-20,2.0,291,REV_007063,2024-09-04,4.0,193,2.0,Positive (Canonization),-98,0.3008,0.6992,0.0087,0.9913,0.0997,0.9003,0.054,0.946,0.43,NO (Pruned),High Semantic Drift,"39/100Calling this an anti-war movie is absurd. In theory, it's an anti-idiocy movie, but Takahata b...",It was the Japanese sense of pride that killed these kids.Whilst Ghibli usually delivers stunning an...
Happy Together,1997,Romance,Cantonese,Independent,REV_060793,2009-03-11,5.0,21,REV_060995,2024-08-31,4.0,604,-1.0,Negative (Hype Decay),583,0.0535,0.9465,0.0052,0.9948,0.0223,0.9777,0.0435,0.9565,0.09,NO (Pruned),High Semantic Drift,Mentally I'm in this film. We're all lonely people; let's start over and meet at the end of the worl...,🇩🇪Deutsche Review ist unten⬇️⬇️⬇️🇺🇸🏴󠁧󠁢󠁥󠁮󠁧󠁿The plot focuses on the complicated and often chaotic rela...
Harakiri,1962,History,Japanese,Independent,REV_000019,2011-11-07,4.5,280,REV_000080,2024-09-02,5.0,97,0.5,Positive (Canonization),-183,0.2039,0.7961,0.0084,0.9916,0.0837,0.9163,0.0527,0.9473,0.2,NO (Pruned),High Semantic Drift,"83/100[originally written on my blog]Wish I'd revisited this right before seeing Miike's 3-D remake,...",Perfection. A 1962 Japanese samurai movie. The story takes place in the year 1630. It tells the stor...
Heat,1995,Crime,English,Commercial,REV_039718,1987-03-13,2.0,692,REV_039543,2024-08-31,4.5,7,2.5,Positive (Canonization),-685,0.02,0.98,0.0,1.0,0.0083,0.9917,0.0504,0.9496,0.03,NO (Pruned),High Semantic Drift,"HeatIf they were still making Westerns, the plot of ""Heat"" would feel right at home. It's a movie ab...",Hard-boiled dumb guy noir at its finest....
High and Low,1963,Thriller,Japanese,Independent,REV_001542,1963-03-01,4.5,358,REV_001589,2024-09-02,4.5,45,0.0,Identical Consensus,-313,0.1374,0.8626,0.0117,0.9883,0.0914,0.9086,0.0972,0.9028,0.16,NO (Pruned),High Semantic Drift,This film consists of all highs and no lows. I guess it would be fair to say that the movie starts a...,"I think i need to rewatch this to truly see how good this is, the half was absolutely perfect, but i..."
Howl's Moving Castle,2004,Animation,Japanese,Independent,REV_025535,2014-04-09,4.0,92,REV_025597,2024-09-04,4.0,63,0.0,Identical Consensus,-29,0.2332,0.7668,0.0203,0.9797,0.19,0.81,0.0969,0.9031,0.22,NO (Pruned),High Semantic Drift,"While not a masterpiece on the level of films like Spirited Away and My Neighbor Totoro, Howl's Movi...",Everything I said in my review yesterday for Spirited Away also applies for this. It sometimes lacks...
In the Mood for Love,2000,Romance,Cantonese,Independent,REV_013827,2012-05-11,5.0,238,REV_013803,2024-09-03,5.0,3,0.0,Identical Consensus,-235,0.0177,0.9823,0.0044,0.9956,0.0125,0.9875,0.0326,0.9674,0.02,NO (Pruned),High Semantic Drift,Stunning. Beautiful. Director Kar Wai Wong knows exactly what loneliness looks like. He knows exactl...,Simply the best....
Incendies,2010,Mystery,French,Independent,REV_012008,2012-05-22,4.0,92,REV_011856,2024-09-01,3.5,42,-0.5,Negative (Hype Decay),-50,0.1141,0.8859,0.0,1.0,0.0667,0.9333,0.03,0.97,0.1,NO (Pruned),High Semantic Drift,"Will of Mrs. Nawal Marwan... To Notary Jean Lebel: Bury me with no casket, no prayers, naked, face d...","Finally watched, It's heartbreakingly beautiful and kind of unbelievable tho. The twist and turn mak..."
Inglourious Basterds,2009,War,English,Commercial,REV_021918,2009-08-27,4.5,208,REV_021943,2024-09-03,3.5,136,-1.0,Negative (Hype Decay),-72,0.1776,0.8224,0.0029,0.9971,0.0212,0.9788,0.0129,0.9871,0.2,NO (Pruned),High Semantic Drift,"The deliberate misspelling of both title words, opening credits music from a 1960 John Wayne epic, r...","Após trabalhar com a temática da Vingança em Kill Bill, Tarantino volta a retratar a mesma em Bas..."
Interstellar,2014,Science Fiction,English,Commercial,REV_020197,2014-10-23,4.0,618,REV_020240,2024-09-03,5.0,84,1.0,Positive (Canonization),-534,0.2231,0.7769,0.0189,0.9811,0.1034,0.8966,0.2415,0.7585,0.29,NO (Pruned),Stable Discourse,Being officially the first person to review this on all of Letterboxd is daunting.Let's get a few th...,One of the many Masterpieces by Nolan and honestly just gets better everytime I watch it. The film's...
It's Such a Beautiful Day,2012,Animation,English,Independent,REV_017158,2012-12-03,3.5,281,REV_017284,2024-09-03,5.0,70,1.5,Positive (Canonization),-211,0.2051,0.7949,0.0,1.0,0.0762,0.9238,0.0833,0.9167,0.24,NO (Pruned),High Semantic Drift,"69/100Not fully satisfying either as a standalone film or as a trilogy of shorts. In large part, tha...",stan brakhage meets newgrounds animation. maybe the most humanist film ever crafted. simultaneously ...
It's a Wonderful Life,1946,Family,English,Commercial,REV_016134,2011-11-09,5.0,276,REV_016292,2024-09-02,5.0,18,0.0,Identical Consensus,-258,0.0435,0.9565,0.0,1.0,0.0386,0.9614,0.0,1.0,0.03,NO (Pruned),High Semantic Drift,"93/100[originally written on my blog]""Way darker than its holiday-classic rep"" has become a truism s...","This has no right to be this beautiful, dammit. Now I’m crying at 1.30 a.m. because of it...."
Judgment at Nuremberg,1961,History,English,Epic,REV_042872,1961-12-19,4.5,498,REV_042959,2024-09-02,5.0,34,0.5,Positive (Canonization),-464,0.1327,0.8673,0.0021,0.9979,0.0385,0.9615,0.0141,0.9859,0.1,NO (Pruned),High Semantic Drift,There is a character in this movie called Mr. Peterson and he is probably on the stand for 10-20 min...,Nuremberg trials delivered the most significant judgements against hate crimes in the history of hum...
La Dolce Vita,1960,Comedy,Italian,Independent,REV_038941,1995-05-04,4.0,950,REV_039162,2024-09-02,5.0,214,1.0,Positive (Canonization),-736,0.2762,0.7238,0.0093,0.9907,0.0868,0.9132,0.0933,0.9067,0.39,NO (Pruned),High Semantic Drift,"When I think about how Roma, città aperta (1945), Paisà (1946), Sciuscià (1946), La terra trema (...","""Even the most miserable life is better than a sheltered existence in an organized society where eve..."
La Haine,1995,Crime,French,Independent,REV_004020,2012-05-13,4.0,98,REV_004150,2024-09-03,4.5,53,0.5,Positive (Canonization),-45,0.1713,0.8287,0.0,1.0,0.0763,0.9237,0.0131,0.9869,0.19,NO (Pruned),High Semantic Drift,"79/100[originally written on my blog]Because Kassovitz has done nothing worthwhile since, I was prep...","Stylistic yet sound, not only in its imagery but also in its narrative. Wonderful performances, visu..."
La Notte,1961,Romance,Italian,Independent,REV_041255,1998-04-26,4.0,84,REV_041419,2024-08-31,5.0,1,1.0,Positive (Canonization),-83,0.0,1.0,0.0,1.0,0.0,1.0,0.0,1.0,0.0,NO (Pruned),High Semantic Drift,"Conversando mais cedo com o Lucas sobre Rossellini e Antonioni, Antonioni e Kubrick, Antonioni e Res...",Beautiful....
Lawrence of Arabia,1962,Adventure,English,Epic,REV_019569,1994-11-03,4.0,165,REV_019466,2024-09-03,5.0,53,1.0,Positive (Canonization),-112,0.0833,0.9167,0.0,1.0,0.0144,0.9856,0.0,1.0,0.11,NO (Pruned),High Semantic Drift,Bacana saber que o Cimino programou este filme para ser exibido junto com The Sicilian na retrô que...,"“Moses did.”The world is driven by men like this. Vain, insecure, bloodthirsty men. No amount of emp..."
Le Samouraï,1967,Thriller,French,Independent,REV_047910,2012-05-05,4.5,200,REV_047911,2024-09-03,4.5,60,0.0,Identical Consensus,-140,0.1813,0.8187,0.0207,0.9793,0.0987,0.9013,0.0585,0.9415,0.21,NO (Pruned),High Semantic Drift,"I can't imagine Alain Delon playing anything other than this role. Le Samourai, the lone hit-man, is...",9.5/10Truly a beautiful film with an extraordinary performance by the recently deceased Alain Delon....
Le Trou,1960,Crime,French,Independent,REV_007441,2012-09-01,4.0,416,REV_007526,2024-09-04,4.5,3,0.5,Positive (Canonization),-413,0.0109,0.9891,0.0,1.0,0.0082,0.9918,0.0609,0.9391,0.0,NO (Pruned),High Semantic Drift,This is how a prison escape film should be done. Approached with a gentle authenticity to the point ...,NAHHHHH MAN GASPARD...
Life Is Beautiful,1997,Comedy,Italian,Independent,REV_021313,2010-09-22,0.5,401,REV_021159,2024-09-01,5.0,296,4.5,Positive (Canonization),-105,0.3433,0.6567,0.0291,0.9709,0.1462,0.8538,0.149,0.851,0.43,YES (Collided),High Semantic Drift,Here is what I wrote for my Italian Cinema class:I did not enjoy this film at all.Life Is Beautiful ...,Life is Beautiful (1997): 5 out of 5 stars - Should be considered one of the greatest films of all t...
"Life, and Nothing More…",1992,Adventure,Persian (Farsi),Independent,REV_048787,2000-02-18,4.5,536,REV_049110,2024-09-04,4.5,121,0.0,Identical Consensus,-415,0.1376,0.8624,0.0,1.0,0.0174,0.9826,0.0054,0.9946,0.13,NO (Pruned),High Semantic Drift,"Caralho, eu não lembrava disto. Colossal - não tem outra palavra, assim como não tem CinemaScope,...","OH MY GOD it's like... threw a party where fiction and reality were both on the guest list, and GUES..."
Love Exposure,2008,Comedy,Japanese,Epic,REV_018768,2012-11-15,4.5,18,REV_019089,2024-08-28,3.0,16,-1.5,Negative (Hype Decay),-2,0.0828,0.9172,0.0,1.0,0.0667,0.9333,0.0,1.0,0.04,NO (Pruned),High Semantic Drift,I never thought I'd love a four hour movie about an erection so much. Sometimes life surprises you....,“men are scum but kurt cobain is an exception”yoko is so real for that fr fr...
M,1931,Thriller,German,Independent,REV_028267,2008-07-04,5.0,271,REV_028251,2024-08-26,1.0,14,-4.0,Negative (Hype Decay),-257,0.0418,0.9582,0.0,1.0,0.0105,0.9895,0.0129,0.9871,0.08,NO (Pruned),High Semantic Drift,The indelible mark left by this cinematic masterpiece on my formative years is beyond measure. Fritz...,after 3 years of learning german i can confirm i understood one word-auf wiedersehen😔✊(2/10)...
Make Way for Tomorrow,1937,Romance,English,Independent,REV_056070,2012-11-11,5.0,480,REV_055921,2024-09-01,5.0,36,0.0,Identical Consensus,-444,0.1061,0.8939,0.0,1.0,0.0534,0.9466,0.0703,0.9297,0.17,NO (Pruned),High Semantic Drift,Make Way for Tomorrow was re-watched as my third MISTRESS-movieWhen I first viewed this a few years ...,"This 1937 movie has me sobbing uncontrollably. As a child to aging parents, as a fiancé looking to ..."
Malcolm X,1992,History,English,Epic,REV_060424,2012-02-04,4.0,100,REV_060638,2024-09-01,4.0,295,0.0,Identical Consensus,195,0.2706,0.7294,0.0054,0.9946,0.1222,0.8778,0.081,0.919,0.32,NO (Pruned),High Semantic Drift,"71/100[originally written on my blog]First viewing, as one of three white people in a sold-out Times...","Spike Lee RankedA thunderous biopic, as is expected with a film directed by Spike Lee and concerning..."
Marcel the Shell with Shoes On,2021,Animation,English,Independent,REV_052524,2010-12-10,4.0,36,REV_052475,2024-09-01,5.0,31,1.0,Positive (Canonization),-5,0.0947,0.9053,0.0,1.0,0.0962,0.9038,0.0307,0.9693,0.07,NO (Pruned),High Semantic Drift,I've seen Marcel the Shell so many times that I evoke the dialogue in my own speech. 'Some...people ...,A Paddington + Marcel presidential ticket would be unstoppable. World peace would be within reach. P...
Mary and Max,2009,Animation,English,Independent,REV_053898,2012-03-25,4.5,42,REV_053907,2024-09-02,4.0,66,-0.5,Negative (Hype Decay),24,0.1662,0.8338,0.0198,0.9802,0.0789,0.9211,0.0639,0.9361,0.2,NO (Pruned),High Semantic Drift,"""He's scared of outside, which is a disease called homophobia.""-Young MaryThis is one of the best mo...",I was obsessed with this movie as a kid watching it now it is a very sad sad sad movie but very beau...
Memories of Murder,2003,Thriller,Korean,Independent,REV_012119,2012-03-13,2.0,127,REV_012174,2024-09-03,5.0,19,3.0,Positive (Canonization),-108,0.034,0.966,0.0,1.0,0.0093,0.9907,0.0348,0.9652,0.1,NO (Pruned),High Semantic Drift,Really? This was the great Memories of Murder? I've heard about this film from different sources ove...,Bu filmin sonunun bende yarattığı etkiyi henüz başka hiçbir film yaratamadı. İkinci izlememde y...
Metropolis,1927,Science Fiction,No spoken language,Independent,REV_044442,2013-01-16,4.0,17,REV_044698,2024-09-01,4.5,12,0.5,Positive (Canonization),-5,0.0735,0.9265,0.0,1.0,0.037,0.963,0.0,1.0,0.06,NO (Pruned),High Semantic Drift,Reportedly one of Adolf Hitler's favourite films. A part of me thinks he didn't quite get it......,"definitely up there for ""greatest film ever made""woah was this a lot..."
Millennium Actress,2001,Romance,Japanese,Independent,REV_055421,2012-12-28,5.0,430,REV_055423,2024-09-02,3.5,29,-1.5,Negative (Hype Decay),-401,0.0665,0.9335,0.0,1.0,0.0364,0.9636,0.0506,0.9494,0.08,NO (Pruned),High Semantic Drift,Part of Dastardly Difficult December: film nr.92I am having great difficulty trying to find the word...,"she was a girl, an astronaut, a ninja, a warrior, an actress, a girl in love, a lady, a queen, an ol..."
Mirror,1975,History,Russian,Independent,REV_023584,2004-08-03,4.5,793,REV_023594,2024-09-01,5.0,19,0.5,Positive (Canonization),-774,0.0446,0.9554,0.0,1.0,0.0025,0.9975,0.0,1.0,0.05,NO (Pruned),High Semantic Drift,FOCO: Você disse algumas vezes que tem problemas com Fellini. Mas você diria que a crítica deveri...,- A poet is called upon to provoke a spiritual jolt and not to cultivate idolaters.Só sente a vibe...
Modern Times,1936,Romance,English,Independent,REV_040308,1993-01-30,5.0,1,REV_040345,2024-09-03,4.0,32,-1.0,Negative (Hype Decay),31,0.0182,0.9818,0.0,1.0,0.0,1.0,0.0,1.0,0.02,NO (Pruned),High Semantic Drift,letterboxd.com/timeistheking/film/the-great-cinema-party/#comment-23776440letterboxd.com/timeistheki...,Actually so enjoyable and emotionally satisfying. I love these pure and sweet characters who can’t s...
Monster,2023,Thriller,Japanese,Independent,REV_031297,2004-06-02,5.0,42,REV_031418,2024-09-03,3.5,16,-1.5,Negative (Hype Decay),-26,0.0849,0.9151,0.0,1.0,0.087,0.913,0.0632,0.9368,0.09,NO (Pruned),High Semantic Drift,My favorite movie of 2003.Patty Jenkins' Aileen Wournous biopic shows a monster that's not without e...,i was born the very day after aileen wuornos was executed. selby is kinda like savannah...
Mulholland Drive,2001,Mystery,English,Commercial,REV_048537,2012-05-19,5.0,161,REV_048536,2024-09-03,5.0,491,0.0,Identical Consensus,330,0.2977,0.7023,0.0067,0.9933,0.1032,0.8968,0.068,0.932,0.34,NO (Pruned),High Semantic Drift,Perhaps the closest that a “mainstream” American film has come to the avant-garde moment. What makes...,"""Hey, pretty girl, time to wake up.""Holy. Fuck. I am genuinely lost for words. What a final act that..."
Napoleon,2023,Romance,English,Commercial,REV_053066,1995-06-04,5.0,59,REV_053229,2024-08-31,5.0,24,0.0,Identical Consensus,-35,0.0377,0.9623,0.0,1.0,0.0,1.0,0.0,1.0,0.05,NO (Pruned),High Semantic Drift,Pau no cu dos Coppola e dos Ridley Scott. Viva os Kevin Brownlow e os Luc Moullet.Fiquem em casa e v...,"Made me feel immense pride to be French, a thing I decidedly am not. Perhaps the most Movie of all t..."
Neon Genesis Evangelion: The End of Evangelion,1997,Animation,Japanese,Independent,REV_006342,2013-07-09,5.0,167,REV_006636,2024-09-03,5.0,236,0.0,Identical Consensus,69,0.0332,0.9668,0.0045,0.9955,0.0267,0.9733,0.0269,0.9731,0.04,NO (Pruned),High Semantic Drift,"Anime in a-g.""I don't want to die. I don't want to die. I don't want to die. I don't want to die. I ...",imagine if the whole Evangelion show started off with everyone exploding into Fanta in the third imp...
No Country for Old Men,2007,Crime,English,Commercial,REV_026058,2008-01-22,4.0,19,REV_025877,2024-09-03,2.0,2,-2.0,Negative (Hype Decay),-17,0.0,1.0,0.0,1.0,0.0,1.0,0.0,1.0,0.0,NO (Pruned),High Semantic Drift,"I was definitely in one of those screenings where we had an idiot say ""that's it?"" at the end....",doggo :((4/10)...
Nostalgia,1983,Romance,Russian,Independent,REV_058747,2013-06-01,3.0,366,REV_058920,2024-08-29,4.0,235,1.0,Positive (Canonization),-131,0.3206,0.6794,0.0105,0.9895,0.0947,0.9053,0.0216,0.9784,0.41,NO (Pruned),High Semantic Drift,[deep breath] There are people who believe the idea of Godard making an unsuccessful film is purely ...,"How can a man, whose home, life, and art rest deep and comfortably in the roots of his home country,..."
Oldboy,2003,Thriller,Korean,Independent,REV_016916,1952-06-02,0.5,8,REV_016929,2024-09-03,5.0,15,4.5,Positive (Canonization),7,0.0316,0.9684,0.0,1.0,0.0,1.0,0.0,1.0,0.02,NO (Pruned),High Semantic Drift,Qui Gon Jinn is not this old. 0/10...,"if i was interrupted while sucking on some titties, i wouldve done the same thing..."
Once Upon a Time in the West,1968,Western,English,Commercial,REV_016544,2004-09-28,4.5,54,REV_016511,2024-09-02,4.5,86,0.0,Identical Consensus,32,0.1663,0.8337,0.0238,0.9762,0.0899,0.9101,0.136,0.864,0.19,NO (Pruned),High Semantic Drift,"« In music, what is very important is temporality of space and length, based on the breathing space ...","At the eye film museum there is a recording of Sergio Leone, Claudia Cardinale and Ennio Morricone t..."
Oppenheimer,2023,History,English,Epic,REV_059228,2023-07-11,3.5,10,REV_059117,2024-08-27,5.0,337,1.5,Positive (Canonization),327,0.0298,0.9702,0.0,1.0,0.0049,0.9951,0.058,0.942,0.02,NO (Pruned),High Semantic Drift,La bombe c’est un gros prout de Nolan x) désolé...,"5th viewing of this now, and I can't say enough about how much I think it outperforms anything else ..."
Paper Moon,1973,Crime,English,Independent,REV_024126,2013-02-22,4.5,369,REV_024209,2024-09-03,3.5,78,-1.0,Negative (Hype Decay),-291,0.1902,0.8098,0.0094,0.9906,0.0758,0.9242,0.0896,0.9104,0.22,NO (Pruned),High Semantic Drift,"Peter Bogdanovich not only evokes the look of the 1930s with the costumes, sets, and props of Paper ...","How can a petty criminal with the attitude of a 10 year old, take responsibility and care for a 9 ye..."
Parasite,2019,Thriller,Korean,Independent,REV_002520,1983-07-27,3.5,66,REV_002369,2024-08-18,3.5,47,0.0,Identical Consensus,-19,0.1552,0.8448,0.0,1.0,0.1279,0.8721,0.0316,0.9684,0.13,NO (Pruned),High Semantic Drift,VHS A good but slow sc-fi film about a killer parasite created by a scientist who realising the dang...,100 Horror Movies in 92 Days 2024#21Fun post-apocalyptic body horror flick with a young Demi Moore a...
Pather Panchali,1955,History,"Bengali, Bangla",Independent,REV_030759,2013-01-13,3.0,21,REV_030686,2024-09-03,4.5,61,1.5,Positive (Canonization),40,0.1246,0.8754,0.0128,0.9872,0.125,0.875,0.1187,0.8813,0.12,NO (Pruned),High Semantic Drift,"Film about poverty in a rural village in India. Film was well crafted, but I didn't find the plot to...",First Satyjit Ray's Film for me Pather Panchali is the purest depiction of poverty possible it liter...
Paths of Glory,1957,War,English,Independent,REV_008458,2012-04-06,5.0,61,REV_008557,2024-09-01,5.0,129,0.0,Identical Consensus,68,0.1701,0.8299,0.0,1.0,0.0625,0.9375,0.1092,0.8908,0.14,NO (Pruned),High Semantic Drift,An absolutely devastating WW1 film about a group of soldiers asked to perform an impossible mission ...,"Kubrick’s Mastermind Continues with Paths of Glory, The Horror shown with The War was Incredible. Th..."
Perfect Blue,1997,Thriller,Japanese,Independent,REV_015367,2012-01-26,4.0,180,REV_015184,2024-09-02,4.5,469,0.5,Positive (Canonization),289,0.3004,0.6996,0.0081,0.9919,0.1032,0.8968,0.105,0.895,0.31,NO (Pruned),High Semantic Drift,If Hitchcock had done animation... it might have been something like this. It's unusual to find anim...,"“No, I’m the real thing.”Wow. So I had never seen this film before, nor of Satoshi Kon’s other works..."
Portrait of a Lady on Fire,2019,Romance,French,Independent,REV_010385,2019-05-20,5.0,17,REV_010549,2024-09-03,4.5,18,-0.5,Negative (Hype Decay),1,0.0662,0.9338,0.0,1.0,0.0333,0.9667,0.0,1.0,0.03,NO (Pruned),High Semantic Drift,its come to my attention that women are the only people who know how to make movies...,Never going to be able to read page 28 of any book without thinking of this movie 💔...
Princess Mononoke,1997,Fantasy,Japanese,Independent,REV_018367,1998-07-17,4.5,21,REV_018140,2024-09-02,4.5,80,0.0,Identical Consensus,59,0.102,0.898,0.0,1.0,0.075,0.925,0.0,1.0,0.12,NO (Pruned),High Semantic Drift,"the sense of wonder, adventure and aesthetics are present as in the others, but this is the dark, ha...",Arguably Miyazaki's magnum opus. An epic tale of man vs nature that has so many incredible themes an...
Prisoners,2013,Thriller,English,Commercial,REV_034873,2013-09-04,3.5,83,REV_034955,2024-09-04,4.0,6,0.5,Positive (Canonization),-77,0.0346,0.9654,0.0,1.0,0.0,1.0,0.0,1.0,0.06,NO (Pruned),High Semantic Drift,"not hilarious. Zodiac via Nancy Grace, overwrought morality play squeezes a miniseries into a film. ...",hugh jackman gives me heart palpitations...
Psycho,1960,Mystery,English,Independent,REV_027412,2009-05-13,5.0,34,REV_027402,2024-09-03,5.0,172,0.0,Identical Consensus,138,0.1106,0.8894,0.0,1.0,0.0229,0.9771,0.0297,0.9703,0.11,NO (Pruned),High Semantic Drift,"A timeless triumph from the master of suspense. Psycho is not just scary - it's also manipulative, i...",Um dos filmes mais famosos de todos os tempos e possivelmente a maior referência na história do te...
Pulp Fiction,1994,Comedy,English,Commercial,REV_043644,1995-04-06,2.5,479,REV_043733,2024-09-03,5.0,4,2.5,Positive (Canonization),-475,0.0067,0.9933,0.0,1.0,0.0,1.0,0.0,1.0,0.02,NO (Pruned),High Semantic Drift,Seria necessário fazer um mapeamento abrangente da situação do cinema independente americano de 1...,Watched in Bedford Vue...
Ran,1985,History,Japanese,Independent,REV_004698,2012-07-20,5.0,25,REV_004974,2024-09-03,3.0,196,-2.0,Negative (Hype Decay),171,0.1228,0.8772,0.0,1.0,0.0652,0.9348,0.0301,0.9699,0.14,NO (Pruned),High Semantic Drift,"An absolute masterpiece in every way. If you haven't seen it, it's on Netflix Instant, in HD. Set as...","“Man is born crying. When he has cried enough, he dies.“I apologise Letterboxd people, as here is an..."
Rashomon,1950,Crime,Japanese,Independent,REV_054199,2010-12-03,3.0,306,REV_054136,2024-09-01,5.0,84,2.0,Positive (Canonization),-222,0.0,1.0,0.0,1.0,0.0,1.0,0.0,1.0,0.0,NO (Pruned),High Semantic Drift,"According to the edict of the film critirati, I should probably be gushing about how Rashomon is an ...","За жалкие полтора часа я посмотрел полотно о поиске истины, которая всегда где то рядом, задающее во..."
Rear Window,1954,Thriller,English,Independent,REV_017647,2012-07-17,5.0,18,REV_017614,2024-09-03,5.0,969,0.0,Identical Consensus,951,0.0399,0.9601,0.0,1.0,0.0131,0.9869,0.0388,0.9612,0.05,NO (Pruned),High Semantic Drift,"Not just a technical feat exploring voyeurism and cinema, but a perfect snapshot (!) of male sexual ...","Edit: AnonymousAndy Review. He mentions the made for TV remake, that I forgot, so this one is probab..."
Rififi,1955,Crime,French,Independent,REV_046190,1955-04-13,4.0,293,REV_046424,2024-09-01,3.5,12,-0.5,Negative (Hype Decay),-281,0.0426,0.9574,0.0036,0.9964,0.0373,0.9627,0.0176,0.9824,0.07,NO (Pruned),High Semantic Drift,Ocean's 4. The parallels between this and Ocean's 11 are pretty obvious and you can see that Ocean's...,It’s probably a four star movie but it gets 3.5 from me...
Rocco and His Brothers,1960,Romance,Italian,Independent,REV_036026,2000-07-27,5.0,31,REV_036175,2024-09-02,5.0,79,0.0,Identical Consensus,48,0.1101,0.8899,0.0,1.0,0.0417,0.9583,0.0484,0.9516,0.17,NO (Pruned),High Semantic Drift,"Vá, Rocco, vá e dá-lhes trabalho.(quem acha que Visconti não está falando de aristocracia neste...",""" Et de moi, qu'est que tu penses ?Rien..Courage, je ne vexerais pas, tu peux être sincère.Ben, je..."
Samurai Rebellion,1967,Action,Japanese,Independent,REV_047603,2005-08-23,5.0,959,REV_047556,2024-09-02,4.5,100,-0.5,Negative (Hype Decay),-859,0.1916,0.8084,0.004,0.996,0.0556,0.9444,0.0966,0.9034,0.22,NO (Pruned),High Semantic Drift,"My first taste of Masaki Kobayashi’s cinematic style, and it certainly won’t be the last—the picture...","Epic love story disguised as a film about samurai battles. Nakadai and Mifune are phenomenal, as alw..."
Saving Private Ryan,1998,History,English,Commercial,REV_052009,1998-09-11,5.0,23,REV_051876,2024-09-02,4.0,10,-1.0,Negative (Hype Decay),-13,0.0174,0.9826,0.0,1.0,0.0,1.0,0.0,1.0,0.03,NO (Pruned),High Semantic Drift,Stunned. I’ve never seen a film like it before and I’m not quite sure if I’ll ever see a film like i...,"I, too, would risk my life to save matt damon..."
Scenes from a Marriage,1974,Romance,Swedish,Independent,REV_019787,2005-12-26,2.0,43,REV_019989,2024-09-03,3.0,169,1.0,Positive (Canonization),126,0.0852,0.9148,0.0,1.0,0.0128,0.9872,0.0446,0.9554,0.08,NO (Pruned),High Semantic Drift,#77 on the all-time list and i'm even one big Bergman apologist in general... but no. completely dom...,Olmadı be Bergman cidden bu filmi hiç sevemedim sevenleri de anlamıyorum yani 2 saat 49 dk boyu sad...
Schindler's List,1993,History,English,Epic,REV_003450,2012-07-21,5.0,273,REV_003578,2024-09-04,5.0,12,0.0,Identical Consensus,-261,0.0,1.0,0.0,1.0,0.0,1.0,0.0,1.0,0.0,NO (Pruned),High Semantic Drift,Liam Neeson is the greatest badass this generation has to offer. He's played so many badass characte...,"אנחנו הילדים של שינדלר, יצירה אגדית בתולדות הקולנוע שלעולם, לעולם לא תישכח...."
Se7en,1995,Mystery,English,Commercial,REV_025012,2012-07-09,5.0,450,REV_024847,2024-09-02,4.0,5,-1.0,Negative (Hype Decay),-445,0.0167,0.9833,0.0024,0.9976,0.0164,0.9836,0.0965,0.9035,0.04,NO (Pruned),High Semantic Drift,"The night is dark and full of terrors.I hadn't seen this since high school, and had forgotten almost...",This is so Gotham City...
Seven Samurai,1954,Action,Japanese,Epic,REV_000790,2012-08-28,4.0,471,REV_000801,2024-09-01,4.5,113,0.5,Positive (Canonization),-358,0.2231,0.7769,0.0227,0.9773,0.1237,0.8763,0.1303,0.8697,0.27,NO (Pruned),High Semantic Drift,My Kurosawa cherry has been popped :)Let me start out by saying I totally understand why this film a...,"What a thing to cross off an important behemoth of a film and to be as awed by it. On paper, this sh..."
Sherlock Jr.,1924,Comedy,No spoken language,Independent,REV_018707,2012-06-02,4.5,108,REV_018553,2024-09-03,4.5,8,0.0,Identical Consensus,-100,0.0583,0.9417,0.0088,0.9912,0.0333,0.9667,0.1418,0.8582,0.08,NO (Pruned),High Semantic Drift,I've done a good job avoiding Buster Keaton until now with a loyal devotion to Chaplin that has been...,i can’t believe buster keaton invented subway surfers...
Shoplifters,2018,Thriller,Japanese,Independent,REV_033486,2018-05-14,4.5,276,REV_033676,2024-08-30,4.0,19,-0.5,Negative (Hype Decay),-257,0.0589,0.9411,0.0,1.0,0.029,0.971,0.0,1.0,0.05,NO (Pruned),High Semantic Drift,"Osamu and his wife Nobuyo can’t afford to have sex anymore. Middle-aged and marginally employed, the...",that ending shot of rin waiting to be taken away again haha what if we all just killed ourselves...
Singin' in the Rain,1952,Comedy,English,Independent,REV_026332,1997-06-26,5.0,498,REV_026340,2024-09-03,5.0,13,0.0,Identical Consensus,-485,0.0019,0.9981,0.0,1.0,0.0,1.0,0.0,1.0,0.0,NO (Pruned),High Semantic Drift,"A teoria dos autores nos deixa, como toda teoria, com possibilidades e questões. Precisamos desenvo...",doo doo doo doo doo doo doo doo doo doo doo doo doo...
Solaris,1972,Mystery,Russian,Independent,REV_049645,2011-04-15,3.0,13,REV_049606,2024-09-03,5.0,576,2.0,Positive (Canonization),563,0.087,0.913,0.0,1.0,0.0588,0.9412,0.0,1.0,0.08,NO (Pruned),High Semantic Drift,"""We don't know when life will end. That's why we're in a hurry.""...",تاركوفسكي بالنسبة لي هو الأعظم، فهو الذي اخترع لغة جديدة، وفيه لطبيعة الفيلم، لأنها تصور الحياة كا...
Some Like It Hot,1959,Romance,English,Commercial,REV_045764,2011-06-21,5.0,291,REV_045789,2024-09-03,5.0,25,0.0,Identical Consensus,-266,0.0519,0.9481,0.0,1.0,0.0386,0.9614,0.0,1.0,0.06,NO (Pruned),High Semantic Drift,"95/100Hadn't seen this old favorite in maybe 15 years, and I'd forgotten some of the plot details. S...","I don't want you to think I'm a drinker. I can stop if I want to, only I don't want to. Especially w..."
Sorcerer,1977,Thriller,English,Commercial,REV_048205,2013-05-02,3.0,185,REV_048119,2024-09-01,4.0,49,1.0,Positive (Canonization),-136,0.1526,0.8474,0.0,1.0,0.109,0.891,0.0199,0.9801,0.13,NO (Pruned),High Semantic Drift,William Friedkin says this film's allegorical intent was to show how the world's countries needed to...,Crazy ass movie. Had me stressed the fuck out from start to finish. Some insane set pieces in this m...
Spider-Man: Across the Spider-Verse,2023,Animation,English,Commercial,REV_061099,2023-05-19,5.0,43,REV_061312,2024-09-02,5.0,35,0.0,Identical Consensus,-8,0.1392,0.8608,0.0,1.0,0.0833,0.9167,0.1005,0.8995,0.15,NO (Pruned),High Semantic Drift,WOW. This manages to strike an UNBELIEVABLE balance.Countless nods and references to everything Spid...,"Spider-Man: Across the Spider-Verse has exquisite visuals, beautiful animation & possibly one of the..."
Spider-Man: Into the Spider-Verse,2018,Adventure,English,Independent,REV_061424,2018-11-27,4.0,4,REV_061530,2024-09-01,5.0,79,1.0,Positive (Canonization),75,0.0172,0.9828,0.0,1.0,0.0,1.0,0.0,1.0,0.03,NO (Pruned),High Semantic Drift,Spider-Man Noir for president...,"Mild spoilers but, come on, you’ve all seen itI’ve lost track of how many times I’ve watched this fi..."
Spirited Away,2001,Family,Japanese,Independent,REV_007829,2006-03-18,5.0,130,REV_007737,2024-09-03,4.0,125,-1.0,Negative (Hype Decay),-5,0.2334,0.7666,0.0081,0.9919,0.0936,0.9064,0.0152,0.9848,0.25,NO (Pruned),High Semantic Drift,"I was ten years old, and very clearly remember still recovering from Hurricane Katrina the previous ...",Spirited Away is without doubt one of the most gorgeous looking movies ever. Every frame is filled w...
Stalker,1979,Science Fiction,Russian,Independent,REV_010776,2008-06-20,5.0,649,REV_010798,2024-09-01,5.0,423,0.0,Identical Consensus,-226,0.2357,0.7643,0.0,1.0,0.0102,0.9898,0.0322,0.9678,0.24,NO (Pruned),High Semantic Drift,"The camera moves into the room, into the painting. A family lies together. The film presents three c...","Um dos filmes mais incríveis, filosóficos, bonitos e profundos que eu já assisti em toda a minha ..."
Still Walking,2008,Family,Japanese,Independent,REV_027502,2014-01-27,4.0,209,REV_027651,2024-08-31,4.5,48,0.5,Positive (Canonization),-161,0.1943,0.8057,0.0081,0.9919,0.0833,0.9167,0.0533,0.9467,0.25,NO (Pruned),High Semantic Drift,"Five minutes after we started watching this film, my partner said ""This is a live-action Hayao Miyaz...","as always, moved by how incredibly Kore-eda depicts the intricate nuances of the relationships betwe..."
Swing Girls,2004,Comedy,Japanese,Independent,REV_058118,2014-09-16,5.0,16,REV_058217,2024-09-02,3.5,10,-1.5,Negative (Hype Decay),-6,0.0081,0.9919,0.0,1.0,0.0,1.0,0.0,1.0,0.0,NO (Pruned),High Semantic Drift,Two Shinobu Yaguchi movies in one night and I don't know if I can handle it....,Helt orelaterat men fan vad jag saknar barda och Estrella....
Tampopo,1985,Comedy,Japanese,Independent,REV_032978,2014-03-02,4.0,5,REV_032898,2024-09-01,5.0,24,1.0,Positive (Canonization),19,0.0072,0.9928,0.0,1.0,0.0357,0.9643,0.0,1.0,0.0,NO (Pruned),High Semantic Drift,Such a good Noodle western!...,"""Por favor, deixe me virar sua aprendiz!""no meio do filme eu pausei e fui fazer um miojo pra aumenta..."
Terminator 2: Judgment Day,1991,Thriller,English,Commercial,REV_037056,1992-06-01,3.5,202,REV_036961,2024-09-03,5.0,16,1.5,Positive (Canonization),-186,0.026,0.974,0.0,1.0,0.0,1.0,0.0,1.0,0.03,NO (Pruned),High Semantic Drift,"O vilão ser na realidade o herói do filme - grande ideia.Fazer o espectador acreditar, desde o mat...",was meant to be writing an essay but ended up watching the whole thing instead oops...
The Apartment,1960,Romance,English,Commercial,REV_009433,2006-06-25,5.0,35,REV_009656,2024-09-02,5.0,8,0.0,Identical Consensus,-27,0.0234,0.9766,0.0,1.0,0.0,1.0,0.0,1.0,0.04,NO (Pruned),High Semantic Drift,the champagne is squirting and bubbling - or how Lemon and MacLaine were just playing a deck of card...,Well I prefer this better than Sunset Boulevard...
The Ascent,1977,War,Russian,Independent,REV_015896,2008-10-05,4.0,255,REV_015986,2024-09-02,5.0,82,1.0,Positive (Canonization),-173,0.1901,0.8099,0.0095,0.9905,0.0704,0.9296,0.105,0.895,0.29,NO (Pruned),High Semantic Drift,Much like everyday Russian society circa 1977 was out of step with the modernity of the Western worl...,Truely one of the greatest war films ever made. A haunting and bone chilling journey that will stay ...
The Battle of Algiers,1966,History,Arabic,Independent,REV_013418,2012-07-11,5.0,15,REV_013586,2024-09-02,4.5,173,-0.5,Negative (Hype Decay),158,0.0576,0.9424,0.0112,0.9888,0.0496,0.9504,0.0467,0.9533,0.09,NO (Pruned),High Semantic Drift,"For a film full of specifics, perhaps one of the most timeless films ever made....","among his many astute observations, Frantz Fanon once claimed: “we revolt simply because, for many r..."
The Best Years of Our Lives,1946,Romance,English,Commercial,REV_057143,1999-07-03,4.5,173,REV_057239,2024-09-01,3.5,7,-1.0,Negative (Hype Decay),-166,0.0287,0.9713,0.0,1.0,0.0182,0.9818,0.0304,0.9696,0.02,NO (Pruned),High Semantic Drift,"(...) In fact, I’m not capable of doing the picture I should be able to do. I’m capable of aiming fo...",i almost cried way too many times...
The Best of Youth,2003,History,Italian,Epic,REV_037861,2005-05-07,4.5,21,REV_037965,2024-09-02,4.5,4,0.0,Identical Consensus,-17,0.0,1.0,0.0,1.0,0.0,1.0,0.0,1.0,0.0,NO (Pruned),High Semantic Drift,This inspired me so much and gave me confidence to tell the whole story when I was doing Gangs of Wa...,"MATTEO, NICOLA OLDUĞU ZAMAN..."
The Bridge on the River Kwai,1957,War,English,Commercial,REV_053424,2010-12-11,4.0,16,REV_053416,2024-09-02,4.5,186,0.5,Positive (Canonization),170,0.1098,0.8902,0.0051,0.9949,0.0385,0.9615,0.0477,0.9523,0.16,NO (Pruned),High Semantic Drift,78/100[tweet from 2010]Guinness' Col. Nicholson one of the all-time great movie characters. Holden s...,"Watched on blu rayMadness, madnessI can't get that whistling song out of my head. My second David Le..."
The Cranes Are Flying,1957,Romance,Russian,Independent,REV_012488,1999-03-30,1.0,124,REV_012623,2024-09-03,4.5,319,3.5,Positive (Canonization),195,0.0,1.0,0.0,1.0,0.0,1.0,0.0,1.0,0.0,NO (Pruned),High Semantic Drift,"Para o sujeito achar que o Kalatozov é o Sam Fuller soviético, ele primeiro tem que achar que o Fu...",إن الجمال في هذا الفيلم لا يبدو مصطنعًا، ولا يبدو مزيفًا، ولا يبدو مبالغًا فيه ليتناسب مع نقاط البي...
The Cremator,1969,Horror,Czech,Independent,REV_045653,2006-10-05,3.5,156,REV_045589,2024-09-01,4.0,7,0.5,Positive (Canonization),-149,0.0188,0.9812,0.0,1.0,0.0083,0.9917,0.0,1.0,0.01,NO (Pruned),High Semantic Drift,Set in German occupied Prague this twisted expressionistic Czech film downplays the trademark New Wa...,dude karel stop you're scaring the hoes...
The Dark Knight,2008,Thriller,English,Commercial,REV_006204,2008-07-18,5.0,15,REV_006337,2024-09-02,5.0,902,0.0,Identical Consensus,887,0.0371,0.9629,0.0025,0.9975,0.0197,0.9803,0.0081,0.9919,0.04,NO (Pruned),High Semantic Drift,One of the best films ever made. Saw it in theaters at least 4 times....,“What gives you the right? What's the difference between you and me?”“I’m not wearing hockey pads.”T...
The Departed,2006,Thriller,English,Commercial,REV_029426,2006-09-29,0.5,67,REV_029245,2024-09-03,5.0,2,4.5,Positive (Canonization),-65,0.0039,0.9961,0.0,1.0,0.0,1.0,0.0,1.0,0.01,NO (Pruned),High Semantic Drift,Várias listas dos dez melhores filmes do Scorsese nas últimas horas. Só que o Scorsese não tem d...,CRANBERRY JUICE....
The Elephant Man,1980,History,English,Commercial,REV_053042,2012-04-12,5.0,55,REV_052989,2024-09-03,4.0,34,-1.0,Negative (Hype Decay),-21,0.1196,0.8804,0.0119,0.9881,0.0441,0.9559,0.0215,0.9785,0.14,NO (Pruned),High Semantic Drift,Simply one of the most authentic films based on true events.Acting across the board is nothing short...,Me at the beginning of the film: I wonder how David Lynchy this will be?Followed by a fever dream of...
The Empire Strikes Back,1980,Science Fiction,English,Commercial,REV_013148,2012-05-24,5.0,449,REV_013111,2024-09-01,4.0,19,-1.0,Negative (Hype Decay),-430,0.0482,0.9518,0.0047,0.9953,0.0168,0.9832,0.046,0.954,0.03,NO (Pruned),High Semantic Drift,"Arguably one of the most difficult things to get right is the second part in a trilogy. Yet, wheneve...","Pretty Good for a Star War Here’s a drinking game, take a drink every time Leia asks a question..."
The Fifth Seal,1976,War,Hungarian,Independent,REV_036350,2016-06-29,5.0,404,REV_036432,2024-09-02,5.0,20,0.0,Identical Consensus,-384,0.0528,0.9472,0.0149,0.9851,0.0342,0.9658,0.0646,0.9354,0.06,NO (Pruned),High Semantic Drift,Ever heard one of those ‘X walks into a bar’ jokes? Hungarian filmmaker Zoltán Fábri’s “The Fifth ...,One of the classics  of Hungarian cinema a Kafka like journey for the guys from a pub over two night...
The First Slam Dunk,2022,Animation,Japanese,Independent,REV_054754,2021-10-24,5.0,7,REV_055065,2024-09-03,4.0,21,-1.0,Negative (Hype Decay),14,0.025,0.975,0.0,1.0,0.0,1.0,0.0,1.0,0.04,NO (Pruned),High Semantic Drift,"waiting for miyagi ryota, my bisexual king...",So good; does the best thing any sports movie can do by making you want to play the sport it depicts...
The Godfather,1972,Crime,English,Commercial,REV_002698,1971-03-29,0.5,63,REV_002743,2024-09-02,5.0,20,4.5,Positive (Canonization),-43,0.0298,0.9702,0.0,1.0,0.02,0.98,0.0586,0.9414,0.01,NO (Pruned),High Semantic Drift,I worked as a camera guy on this film. Martin didn't listen to my complaints that we needed to go ta...,Megalopolis will be good. Megalopolis will be good. Megalopolis will be good. Megalopolis will be go...
The Godfather Part II,1974,Crime,English,Epic,REV_001150,2011-01-18,3.5,17,REV_001236,2024-09-02,5.0,116,1.5,Positive (Canonization),99,0.0754,0.9246,0.0,1.0,0.028,0.972,0.0,1.0,0.09,NO (Pruned),High Semantic Drift,67/100[tweet from 2011]Portrait of all-consuming ruthlessness much less compelling to me than the fi...,"""If anything in this life is certain, if history has taught us anything, it is that you can kill any..."
"The Good, the Bad and the Ugly",1966,Western,Italian,Independent,REV_005409,2012-10-02,5.0,666,REV_005621,2024-09-03,4.0,36,-1.0,Negative (Hype Decay),-630,0.0948,0.9052,0.0064,0.9936,0.0543,0.9457,0.0306,0.9694,0.14,NO (Pruned),High Semantic Drift,"I could have sworn that I never actually watched The Good, The Bad And The Ugly all the way through ...",that was so homo erotic between the crotch shots and all the rope and sensory play... I just know th...
The Grand Budapest Hotel,2014,Comedy,English,Independent,REV_049124,2014-02-03,4.5,373,REV_049391,2024-09-02,4.0,43,-0.5,Negative (Hype Decay),-330,0.1129,0.8871,0.0026,0.9974,0.0569,0.9431,0.1226,0.8774,0.13,NO (Pruned),High Semantic Drift,"The Grand Budapest Hotel is the film with which Wes Anderson finally answers his critics, and the me...",Cute and charming. Hilarious and sweet. Gorgeous film that is about so so much and yet so little. St...
The Great Dictator,1940,Comedy,English,Commercial,REV_028884,1995-11-18,5.0,147,REV_028964,2024-09-03,4.5,221,-0.5,Negative (Hype Decay),74,0.2066,0.7934,0.0058,0.9942,0.0273,0.9727,0.0104,0.9896,0.29,NO (Pruned),High Semantic Drift,Acho que o Moretti tinha em mente algo como isto quando disse “Bisogna trovare le parole giuste: le ...,The Great Dictator is a message to mock dictatorship during World War II. Charlie plays two characte...
The Green Mile,1999,Crime,English,Epic,REV_054626,1999-12-22,4.0,116,REV_054465,2024-09-03,5.0,9,1.0,Positive (Canonization),-107,0.0127,0.9873,0.0,1.0,0.0109,0.9891,0.0,1.0,0.0,NO (Pruned),High Semantic Drift,"Frank Darabont's Stephen King adaptation set in a prison takes its time, but you never really mind i...","""i am sorry for what i am""i'm not ok...."
The Handmaiden,2016,Thriller,Korean,Independent,REV_012743,2016-05-14,4.5,18,REV_013023,2024-08-30,4.5,5,0.0,Identical Consensus,-13,0.0,1.0,0.0,1.0,0.0,1.0,0.0,1.0,0.0,NO (Pruned),High Semantic Drift,Contains one of the most darkly hilarious final lines uttered by any character in the history of cin...,"""men are disgusting"" no notes...."
The Holdovers,2023,Comedy,English,Commercial,REV_056946,2022-08-11,5.0,109,REV_057054,2024-08-25,4.0,12,-1.0,Negative (Hype Decay),-97,0.067,0.933,0.0175,0.9825,0.0602,0.9398,0.0408,0.9592,0.06,NO (Pruned),High Semantic Drift,“I find the world a bitter and complicated place. And it seems to feel the same about me”What I love...,I love them those are my friends and I care about them....
The Human Condition I: No Greater Love,1959,War,Japanese,Epic,REV_004350,2013-01-04,5.0,79,REV_004358,2024-09-03,4.0,210,-1.0,Negative (Hype Decay),131,0.0992,0.9008,0.0,1.0,0.0085,0.9915,0.0204,0.9796,0.13,NO (Pruned),High Semantic Drift,*This review is for all three films viewed as one*The Human Condition is a 9 and a half hour long fi...,Bu proje normalde hiç kimsenin yanaşmayacağı türden. Hem Japonya'nın savaş suçlarından dolayı ...
The Human Condition II: Road to Eternity,1959,History,Japanese,Independent,REV_011052,2013-02-05,4.0,7,REV_011104,2024-09-02,5.0,94,1.0,Positive (Canonization),87,0.0345,0.9655,0.0,1.0,0.0256,0.9744,0.0,1.0,0.01,NO (Pruned),High Semantic Drift,"""I'm a monster, but I'm still alive.""...","The Human Condition: I | II | IIIThe process of death, from recruitment to execution. Wherein Kaji’s..."
The Human Condition III: A Soldier's Prayer,1961,History,Japanese,Epic,REV_001658,2013-02-05,4.0,9,REV_001772,2024-09-01,5.0,3,1.0,Positive (Canonization),-6,0.0,1.0,0.0,1.0,0.0,1.0,0.0,1.0,0.0,NO (Pruned),High Semantic Drift,"""We may be paying dearly for our worthless freedom.""...",greatest trilogy oat...
The Iron Giant,1999,Animation,English,Independent,REV_047107,2012-06-02,5.0,22,REV_047300,2024-09-02,5.0,5,0.0,Identical Consensus,-17,0.0278,0.9722,0.0,1.0,0.0476,0.9524,0.0,1.0,0.04,NO (Pruned),High Semantic Drift,"The older I get, the more I appreciate the warmth, love and care this film emanates. Thank you, Brad...",mama a robot behind you...
The King of Comedy,1982,Comedy,English,Independent,REV_051515,2011-01-18,4.0,64,REV_051758,2024-09-01,4.5,310,0.5,Positive (Canonization),246,0.197,0.803,0.0059,0.9941,0.0754,0.9246,0.017,0.983,0.19,NO (Pruned),High Semantic Drift,"The dark satirical comedy portrays the media culture, celebrity worship-stalking and the self decept...","“I'm gonna work 50 times harder, and I'm gonna be 50 times more famous than you.”“Then you're gonna ..."
The Life and Death of Colonel Blimp,1943,Comedy,English,Commercial,REV_056738,2012-08-06,4.5,21,REV_056694,2024-09-01,5.0,67,0.5,Positive (Canonization),46,0.0709,0.9291,0.0118,0.9882,0.0563,0.9437,0.0,1.0,0.03,NO (Pruned),High Semantic Drift,"A lovely, smart, funny, and touching movie. Reminiscent of Jean Renoir's humanism, but with a decide...","A beautiful epic of many genres, pure technicolor magic and the amazing Deborah Kerr. As much as I l..."
The Lion King,1994,Animation,English,Independent,REV_057662,2012-09-05,5.0,67,REV_057467,2024-09-02,5.0,54,0.0,Identical Consensus,-13,0.1053,0.8947,0.0,1.0,0.0105,0.9895,0.01,0.99,0.1,NO (Pruned),High Semantic Drift,"The hand-drawn animation is as eye-popping as it gets (the ""I Just Can't Wait To Be King"" sequence i...",não entra na minha cabeça você ser um antílope e apoiar a monarquia leonina. as leoas caçam aon...
The Lives of Others,2006,Thriller,German,Independent,REV_038610,2010-12-09,4.0,74,REV_038800,2024-09-03,4.0,69,0.0,Identical Consensus,-5,0.0806,0.9194,0.0,1.0,0.0172,0.9828,0.0,1.0,0.13,NO (Pruned),High Semantic Drift,Who knew it might not be a good idea for governments to eavesdrop on private citizens?Not preachy an...,"está chula, creo haberla visto antes pero post estancia en la que fue la RDA pues es otra cosa. el ..."
The Lord of the Rings: The Fellowship of the Ring,2001,Adventure,English,Commercial,REV_019399,2012-08-17,3.0,484,REV_019322,2024-09-03,5.0,322,2.0,Positive (Canonization),-162,0.2098,0.7902,0.0,1.0,0.0187,0.9813,0.0204,0.9796,0.21,NO (Pruned),High Semantic Drift,"So...I'm probably gonna get lynched for this review.When this first came out and I saw it as a kid, ...",- Questo è un ibrido tra prima visione e rewatch. Da piccolo vedevo alcune scene e poi cambiavo can...
The Lord of the Rings: The Return of the King,2003,Action,English,Epic,REV_003840,2007-07-10,1.0,108,REV_003683,2024-09-02,5.0,22,4.0,Positive (Canonization),-86,0.0879,0.9121,0.0,1.0,0.0575,0.9425,0.0247,0.9753,0.1,NO (Pruned),High Semantic Drift,"3 hours. 3 hours of religious mythology, including salvation fantasies and calls for perseverance. 3...",don’t quest with me across middle earth only to bring up the girl you’d wife at the end it kills the...
The Lord of the Rings: The Two Towers,2002,Action,English,Commercial,REV_014200,2002-12-20,5.0,204,REV_014279,2024-09-01,4.5,7,-0.5,Negative (Hype Decay),-197,0.024,0.976,0.0,1.0,0.0072,0.9928,0.0,1.0,0.03,NO (Pruned),High Semantic Drift,🏆 5 / 5 🏆 — The Two Towers stands as one of the greatest sequels in cinematic history with its rivet...,Got me feeling like the white Gandalf...
The Man Who Shot Liberty Valance,1962,Western,English,Commercial,REV_044140,2008-01-27,3.5,297,REV_044133,2024-09-01,4.5,95,1.0,Positive (Canonization),-202,0.2271,0.7729,0.0271,0.9729,0.1111,0.8889,0.1087,0.8913,0.23,NO (Pruned),High Semantic Drift,the Western - the proto primordial american genre. refreshing how the US tackled their own history a...,"Jimmy Stewart is easily one of my favourite classic actors, and alongside John Wayne, we were always..."
The Night of the Hunter,1955,Crime,English,Independent,REV_043169,2012-02-10,5.0,302,REV_043466,2024-08-31,3.5,44,-1.5,Negative (Hype Decay),-258,0.1512,0.8488,0.0062,0.9938,0.0644,0.9356,0.0711,0.9289,0.18,NO (Pruned),High Semantic Drift,An ode to children's resolve in the face of pure evil.This is an incredible thriller with simply stu...,"I just love the shot composition, and the way it uses lighting, as Robert Mitchum really is THE DEVI..."
The Passion of Joan of Arc,1928,History,No spoken language,Independent,REV_010368,2012-02-02,5.0,117,REV_010064,2024-09-03,4.0,696,-1.0,Negative (Hype Decay),579,0.2128,0.7872,0.008,0.992,0.0767,0.9233,0.0637,0.9363,0.28,NO (Pruned),High Semantic Drift,"This film contains one of the greatest single performances in the history of silent cinema, or indee...","Technically speaking, the editing of a silent film is impressive, and it is a sight to behold. The w..."
The Pianist,2002,War,English,Commercial,REV_017926,2004-10-25,5.0,16,REV_017806,2024-09-03,5.0,73,0.0,Identical Consensus,57,0.1092,0.8908,0.0,1.0,0.0625,0.9375,0.0604,0.9396,0.13,NO (Pruned),High Semantic Drift,"The Holocaust is no fun to watch, but Adrien Brody is mesmerising from start to finish....","I genuinely am at a loss of words, I just feel so numb from crying so much. this was so fucking trag..."
The Prestige,2006,Science Fiction,English,Commercial,REV_051264,2006-10-18,3.0,10,REV_051279,2024-09-03,5.0,210,2.0,Positive (Canonization),200,0.0378,0.9622,0.0,1.0,0.0207,0.9793,0.0,1.0,0.07,NO (Pruned),High Semantic Drift,It was so well done.Q&A with Jonathan NolanPacific Design Center...,"""The secret impresses no one. The trick you use it for is everything""The Prestige tells the story of..."
The Red Shoes,1948,Romance,English,Commercial,REV_015544,2011-04-18,4.0,26,REV_015612,2024-09-03,4.5,52,0.5,Positive (Canonization),26,0.1213,0.8787,0.027,0.973,0.0833,0.9167,0.0471,0.9529,0.11,NO (Pruned),High Semantic Drift,"72/100[tweet from 2011, replying to a friend who apparently complained that the above rating is too ...",Composed to perfection. The art design and choreography alone are worth checking this film out for. ...
The Seventh Seal,1957,Fantasy,Swedish,Independent,REV_022382,1957-02-16,3.5,253,REV_022275,2024-09-03,5.0,56,1.5,Positive (Canonization),-197,0.0722,0.9278,0.0,1.0,0.0,1.0,0.0,1.0,0.09,NO (Pruned),High Semantic Drift,"40-50 years from now, when Death is knocking at my door, I would love to opportunity to play him in ...",Uzun süre önce bu filmi izlerken (2-3 yıl önce) filmi hiç ama hiç anlamamıştım sanat filmlerin...
The Shawshank Redemption,1994,Crime,English,Commercial,REV_002216,2010-04-14,5.0,457,REV_002015,2024-09-02,5.0,11,0.0,Identical Consensus,-446,0.0543,0.9457,0.0,1.0,0.0449,0.9551,0.0254,0.9746,0.06,NO (Pruned),High Semantic Drift,"“ Sometimes it makes me sad , Though ' Andy ' being gone , I have to remind myself that some birds a...",Biggest red flags in a person is not loving this film...
The Shining,1980,Horror,English,Commercial,REV_052388,2010-05-13,5.0,31,REV_052175,2024-09-03,5.0,495,0.0,Identical Consensus,464,0.0757,0.9243,0.0,1.0,0.0,1.0,0.0037,0.9963,0.13,NO (Pruned),High Semantic Drift,"An unforgettable experience. Amazingly written, beautifully shot, and the performances are excellent...","“AQUI ESTÁ O JOHNNY”.Adaptar um romance de Stephen King não é uma tarefa fácil, e, desagradar o ..."
The Silence of the Lambs,1991,Crime,English,Independent,REV_024555,2012-12-01,5.0,368,REV_024654,2024-09-03,5.0,364,0.0,Identical Consensus,-4,0.3647,0.6353,0.036,0.964,0.1513,0.8487,0.107,0.893,0.41,NO (Pruned),High Semantic Drift,Part of Dastardly Difficult December: film nr.5The first time I saw this I hadn't read the book. Now...,"Have the lambs stopped screaming?This is probably an all timer horror procedural. It, like many film..."
The Tale of The Princess Kaguya,2013,Fantasy,Japanese,Independent,REV_050019,2014-06-15,5.0,191,REV_050044,2024-09-02,5.0,12,0.0,Identical Consensus,-179,0.0349,0.9651,0.0,1.0,0.0139,0.9861,0.0173,0.9827,0.02,NO (Pruned),High Semantic Drift,Watched at Sydney Film Festival.I just don't have the words to describe this astoundingly beautiful ...,don't know if I'm typing correctly bc I can't stop crying #lovedit...
The Thing,1982,Mystery,English,Independent,REV_020450,2012-10-07,5.0,40,REV_020506,2024-09-04,4.5,86,-0.5,Negative (Hype Decay),46,0.1506,0.8494,0.0,1.0,0.0538,0.9462,0.0406,0.9594,0.13,NO (Pruned),High Semantic Drift,100% pure horror.100% complete paranoia.100% practical effects.100% proof that horror doesn't need C...,The Thing is a study in how fear can unravel even the most tightly-knit group. It's a masterclass in...
The Third Man,1949,Thriller,English,Independent,REV_043945,2012-06-11,3.5,11,REV_044037,2024-09-02,4.5,11,1.0,Positive (Canonization),0,0.03,0.97,0.0,1.0,0.0,1.0,0.0,1.0,0.03,NO (Pruned),High Semantic Drift,There are about 579 too many Dutch angles in this movie....,Never going on a Ferris wheel with an old friend again...
The Treasure of the Sierra Madre,1948,Western,English,Commercial,REV_036520,2011-07-18,4.5,342,REV_036744,2024-08-17,3.5,83,-1.0,Negative (Hype Decay),-259,0.1772,0.8228,0.0072,0.9928,0.0845,0.9155,0.0472,0.9528,0.19,NO (Pruned),High Semantic Drift,"83/100[originally written on my blog]Still a great movie, but not at all the great movie I'd remembe...","Thought I hadn't seen this, turns out me had a few times as a youngin' in dad's court, I vividly rec..."
The Truman Show,1998,Comedy,English,Independent,REV_057759,2012-08-07,4.5,301,REV_058054,2024-09-02,5.0,110,0.5,Positive (Canonization),-191,0.2505,0.7495,0.013,0.987,0.1373,0.8627,0.0468,0.9532,0.29,NO (Pruned),High Semantic Drift,If ever a satirical comment was made about what we are as human beings without being vaguely poetic ...,"""In case I don't see ya, good afternoon, good evening, and good night!""This is definitely 5 stars. A..."
The Wages of Fear,1953,Adventure,French,Independent,REV_026977,2001-03-04,5.0,43,REV_026975,2024-09-02,3.5,29,-1.5,Negative (Hype Decay),-14,0.0421,0.9579,0.0,1.0,0.0159,0.9841,0.019,0.981,0.05,NO (Pruned),High Semantic Drift,"French existential guy movie from the 50s, right up my alley. Nothing I like better than a genre mov...","Une épopée dramatique sur le courage, la peur, la solidarité et... Mario et Luigi.Pardon mais tu ..."
The Weeping Meadow,2004,History,Greek (modern),Independent,REV_038224,2004-09-12,2.0,479,REV_038313,2024-09-01,5.0,3,3.0,Positive (Canonization),-476,0.0053,0.9947,0.0,1.0,0.0,1.0,0.0,1.0,0.01,NO (Pruned),High Semantic Drift,FlashbHACK -- review originally published here.[4]Having seen previous Angelopoulos features only on...,Epik ve ötesi...
The Young Girls of Rochefort,1967,Romance,French,Independent,REV_031591,2006-10-15,4.5,1127,REV_031757,2024-09-03,5.0,53,0.5,Positive (Canonization),-1074,0.0953,0.9047,0.0,1.0,0.0199,0.9801,0.0282,0.9718,0.13,NO (Pruned),High Semantic Drift,"Camera movements, few and brief, neglect the top of the frame in favor of eye-level shots edited for...",Seeing this in the cinema was so much fun!! Im so glad that I got to see all the vibrant colours on ...
Three Colours: Red,1994,Mystery,French,Independent,REV_022875,2012-07-14,4.5,505,REV_023059,2024-09-03,5.0,435,0.5,Positive (Canonization),-70,0.1537,0.8463,0.0,1.0,0.0034,0.9966,0.023,0.977,0.14,NO (Pruned),High Semantic Drift,"In a way, I'm quite sad that I rewatched Three Colours: Red last night because as a result of this v...",dışarda dolasirken karaca'ya ugradim.. film var mi bakayim dedim.. bu film varmis. gercek zamanin i...
Throne of Blood,1957,History,Japanese,Independent,REV_041509,2008-06-21,3.0,105,REV_041493,2024-09-03,4.0,84,1.0,Positive (Canonization),-21,0.2507,0.7493,0.0056,0.9944,0.0657,0.9343,0.0717,0.9283,0.33,NO (Pruned),High Semantic Drift,"Shakespeare's omnipresent story of lust for power and predestination in Japanese. Kurosawa adapts ""M...","Shakespeare's piece of art merged with the folklore of feudal Japan. Quite faithful adaptation, but ..."
To Be or Not to Be,1942,Comedy,English,Independent,REV_030923,2011-12-16,5.0,493,REV_030883,2024-09-04,4.5,67,-0.5,Negative (Hype Decay),-426,0.1743,0.8257,0.006,0.994,0.0702,0.9298,0.0341,0.9659,0.22,NO (Pruned),High Semantic Drift,"[This post was previously published on my blog, but I'm trying to move some of my favorite posts/rev...",Ernst Lubitsch is truly the comedy GOAT. Who even thinks to combine Shakespeare and the very recent ...
Ugetsu,1953,Fantasy,Japanese,Independent,REV_045119,2001-04-14,5.0,544,REV_045121,2024-09-02,4.5,353,-0.5,Negative (Hype Decay),-191,0.3788,0.6212,0.011,0.989,0.0749,0.9251,0.3733,0.6267,0.46,YES (Collided),Stable Discourse,"(...) Aquiescência, reconciliação: tudo na obra de Mizoguchi, e especialmente neste filme-soma qu...","""Your delusions come to end, you are again your true self, in the place where you belong.""Ugetsu"" é..."
Underground,1995,Comedy,Serbian,Independent,REV_060352,2013-09-01,4.5,153,REV_060259,2024-08-28,5.0,86,0.5,Positive (Canonization),-67,0.1229,0.8771,0.0,1.0,0.0176,0.9824,0.0184,0.9816,0.11,NO (Pruned),High Semantic Drift,"""A catastrophe!""A delirious, anarchic comedy with a harrowing third-act gut-punch and a surreally sa...","Underground merece o título de ""o melhor filme menos falado"".É enriquecedor consumir obras de outr..."
Vertigo,1958,Thriller,English,Commercial,REV_050654,2011-05-01,5.0,89,REV_050594,2024-09-04,4.0,18,-1.0,Negative (Hype Decay),-71,0.1129,0.8871,0.0,1.0,0.0506,0.9494,0.0225,0.9775,0.13,NO (Pruned),High Semantic Drift,For at least ten years has been my idea of one form of a perfect movie. It captures the uncanny and ...,have officially seen all 3 new 70mm prints struck by studios this year hahahaha anyways Vertigo...No...
War and Peace,1967,Romance,Russian,Epic,REV_030155,2003-06-08,5.0,570,REV_030194,2024-08-26,3.5,21,-1.5,Negative (Hype Decay),-549,0.0326,0.9674,0.0,1.0,0.0033,0.9967,0.0,1.0,0.03,NO (Pruned),High Semantic Drift,"Guerra y paz es una meditación sobre la felicidad, la tristeza, el amor y la guerra, la libertad y ...",Now I don't gave to read war and peace!! It's either a giant book or a giant movie it's not fair...
Where Is the Friend's House?,1987,Family,Persian (Farsi),Independent,REV_020794,2013-01-25,5.0,158,REV_020901,2024-09-01,5.0,11,0.0,Identical Consensus,-147,0.0383,0.9617,0.0,1.0,0.0083,0.9917,0.0174,0.9826,0.06,NO (Pruned),High Semantic Drift,Iranian culture normally puts a lot of emphasis on children and the education they must receive in o...,filmdeki iyi kalpli tek yetiskinin alevi olmasi really makes you think...
Whiplash,2014,Music,English,Independent,REV_059818,2014-08-06,4.0,35,REV_060040,2024-09-03,5.0,126,1.0,Positive (Canonization),91,0.0947,0.9053,0.0,1.0,0.0714,0.9286,0.0,1.0,0.11,NO (Pruned),High Semantic Drift,"as tense and as novel a thriller as i've ever seen, with often abrupt (hence the title?) peaks of su...","I’d rather die drunk, broke at 34 and have people at a dinner table talk about me than live to be ri..."
Wings of Desire,1987,Fantasy,German,Independent,REV_031981,1997-09-21,1.5,200,REV_031955,2024-09-03,3.5,232,2.0,Positive (Canonization),32,0.1319,0.8681,0.0,1.0,0.0089,0.9911,0.0,1.0,0.13,NO (Pruned),High Semantic Drift,"Adoro as músicas do Modern Talking e os clips, tenho essa falta de gosto ou coisa semelhante, não ...","Circus acts kept me awake//The first hour of the film was very difficult to watch, listen to these d..."
Witness for the Prosecution,1957,Crime,English,Independent,REV_059628,1957-12-17,4.0,230,REV_059580,2024-09-03,5.0,424,1.0,Positive (Canonization),194,0.1959,0.8041,0.0048,0.9952,0.0233,0.9767,0.0119,0.9881,0.23,NO (Pruned),High Semantic Drift,"Is there anything that Billy Wilder can't do? Save for the last two minutes, this is an incredibly w...",¡Otra obra maestra del gran Billy Wilder! Witness for the Prosecution (1957) es un filme con un temp...
Woman in the Dunes,1964,Thriller,Japanese,Independent,REV_008154,2013-05-14,4.5,8,REV_008350,2024-08-28,4.5,70,0.0,Identical Consensus,62,0.0451,0.9549,0.0,1.0,0.0328,0.9672,0.0,1.0,0.03,NO (Pruned),High Semantic Drift,A missed opportunity to make a giant sandcastle...,"Teshigahara’s Woman in the Dunes is a provocative, meditative thriller that explores ideas far great..."
Yojimbo,1961,Thriller,Japanese,Independent,REV_032429,2012-04-14,4.0,324,REV_032208,2024-09-02,4.0,94,0.0,Identical Consensus,-230,0.2267,0.7733,0.0153,0.9847,0.1179,0.8821,0.1531,0.8469,0.25,NO (Pruned),High Semantic Drift,Yojimbo is the original Man with No Name from Fistful of Dollars. He's an out of work Samurai who co...,Another film with a story that was very fresh at the time of release but has become somewhat overdon...
Your Name.,2016,Romance,Japanese,Independent,REV_058430,2016-09-08,5.0,46,REV_058501,2024-09-02,3.5,1,-1.5,Negative (Hype Decay),-45,0.0,1.0,0.0,1.0,0.0,1.0,0.0,1.0,0.0,NO (Pruned),High Semantic Drift,"If I conjure up any more tears I'm afraid I'll shrink into nothingness, I swear I'll dissolve into a...",Merve....
Z,1969,Thriller,French,Independent,REV_030067,2012-02-13,5.0,31,REV_029873,2024-09-03,2.0,104,-3.0,Negative (Hype Decay),73,0.0,1.0,0.0,1.0,0.0,1.0,0.0,1.0,0.0,NO (Pruned),High Semantic Drift,"Powerful, insightful, thought provoking, and thrilling political thriller that is made compelling by...",با وجود عدم ذره‌ای شخصیت پردازی از پس خلق یک ساختار پلیسی فاسد بر اومده و سلسله مراتب وقایع پشت پرده...
