primary_genre,movie_count,mean_rating_drift,mean_cosine_dist,mean_word_jaccard_dist,mean_char3_jaccard_dist,mean_word_count_drift
Music,2,0.1095,0.4126,0.752,0.3432,-86.75
Science Fiction,9,0.0704,0.1384,0.7361,0.3582,-47.3778
Action,6,0.0553,0.1396,0.7332,0.3422,-39.1333
Thriller,26,0.0433,0.1661,0.7447,0.3581,-33.6192
Adventure,7,0.0349,0.1704,0.7577,0.3634,-46.9143
Animation,10,0.033,0.2079,0.751,0.3861,-24.92
Comedy,21,0.0309,0.1611,0.7491,0.3684,-29.4524
Crime,20,0.0284,0.1384,0.7322,0.3521,-40.125
Romance,28,0.0202,0.1668,0.7457,0.3568,-43.9679
Fantasy,5,0.0174,0.1656,0.7383,0.3554,-43.28
Horror,3,0.003,0.2158,0.7514,0.3663,-86.6333
History,20,0.0018,0.1388,0.7385,0.3582,-41.255
War,11,-0.0029,0.1634,0.7412,0.3631,-23.4909
Family,4,-0.0188,0.1419,0.7448,0.3634,-20.725
Mystery,8,-0.0225,0.1592,0.7449,0.3685,-18.525
Western,5,-0.0266,0.1306,0.7469,0.379,-49.0
