movie_title,release_year,era,primary_genre,language,total_reviews,early_period,recent_period,mean_early_rating,mean_recent_rating,rating_drift,drift_direction,mean_early_words,mean_recent_words,word_count_drift,cosine_similarity,cosine_distance,word_jaccard_similarity,word_jaccard_distance,char3_jaccard_similarity,char3_jaccard_distance
2001: A Space Odyssey,1968,Golden Era (Pre-1970),Science Fiction,English,339,2010-07-31 to 2020-04-24,2022-12-29 to 2024-09-02,4.691,4.695,0.004,Stable Consensual,378.2,169.5,-208.8,0.8682,0.1318,0.2452,0.7548,0.6149,0.3851
A Brighter Summer Day,1991,Classic Era (1970-1999),Crime,Chinese,330,2012-04-01 to 2020-06-03,2021-11-09 to 2024-09-02,4.657,4.583,-0.074,Stable Consensual,323.7,189.5,-134.2,0.888,0.112,0.2808,0.7192,0.644,0.356
A Man Escaped,1956,Golden Era (Pre-1970),Thriller,French,325,2010-04-21 to 2020-09-27,2022-07-14 to 2024-08-28,4.482,4.35,-0.133,Negative (Hype Decay),202.5,153.4,-49.1,0.911,0.089,0.2894,0.7106,0.6587,0.3413
A Matter of Life and Death,1946,Golden Era (Pre-1970),Comedy,English,337,2012-09-25 to 2020-11-28,2023-04-09 to 2024-09-02,4.517,4.47,-0.047,Stable Consensual,205.8,168.5,-37.3,0.9236,0.0764,0.2934,0.7066,0.6532,0.3468
A Special Day,1977,Classic Era (1970-1999),Romance,Italian,331,2012-10-17 to 2021-02-11,2022-07-03 to 2024-09-03,4.496,4.439,-0.057,Stable Consensual,167.3,152.8,-14.5,0.791,0.209,0.2565,0.7435,0.6729,0.3271
A Woman Under the Influence,1974,Classic Era (1970-1999),Romance,English,338,2013-03-07 to 2020-07-20,2022-08-21 to 2024-09-03,4.644,4.686,0.042,Stable Consensual,212.5,156.6,-55.9,0.8806,0.1194,0.2631,0.7369,0.6603,0.3397
Akira,1988,Classic Era (1970-1999),Action,Japanese,324,2012-06-09 to 2020-10-28,2022-09-19 to 2024-09-01,4.283,4.416,0.133,Positive (Canonization),177.1,116.5,-60.6,0.8377,0.1623,0.2506,0.7494,0.6645,0.3355
Alien,1979,Classic Era (1970-1999),Horror,English,339,2012-05-20 to 2022-07-29,2024-06-18 to 2024-09-03,4.691,4.64,-0.051,Stable Consensual,198.1,121.6,-76.5,0.8373,0.1627,0.2583,0.7417,0.652,0.348
All That Jazz,1979,Classic Era (1970-1999),Music,English,326,2013-12-08 to 2021-01-16,2022-10-08 to 2024-09-03,4.614,4.531,-0.083,Stable Consensual,196.0,125.6,-70.4,0.8779,0.1221,0.2814,0.7186,0.6678,0.3322
Amadeus,1984,Classic Era (1970-1999),History,English,333,2011-10-03 to 2021-04-04,2023-08-06 to 2024-09-03,4.716,4.707,-0.009,Stable Consensual,189.1,134.6,-54.4,0.8469,0.1531,0.2633,0.7367,0.6414,0.3586
Amour,2012,Modern Era (2000-2024),Romance,French,340,2012-05-20 to 2020-07-25,2022-05-08 to 2024-09-01,4.47,4.356,-0.114,Negative (Hype Decay),186.8,122.1,-64.7,0.6262,0.3738,0.2133,0.7867,0.6073,0.3927
Anatomy of a Murder,1959,Golden Era (Pre-1970),Crime,English,337,2012-02-24 to 2020-12-14,2022-08-08 to 2024-09-02,4.38,4.265,-0.115,Negative (Hype Decay),190.4,180.7,-9.8,0.9092,0.0908,0.294,0.706,0.672,0.328
Andrei Rublev,1966,Golden Era (Pre-1970),History,Russian,328,2005-07-02 to 2020-06-13,2022-02-22 to 2024-09-01,4.566,4.636,0.07,Stable Consensual,302.1,224.9,-77.2,0.9206,0.0794,0.2759,0.7241,0.652,0.348
Apocalypse Now,1979,Classic Era (1970-1999),War,English,341,1994-02-19 to 2020-05-28,2022-12-12 to 2024-09-02,4.681,4.655,-0.025,Stable Consensual,228.8,198.6,-30.2,0.9123,0.0877,0.2757,0.7243,0.6565,0.3435
Army of Shadows,1969,Golden Era (Pre-1970),History,French,330,2004-03-03 to 2020-06-28,2022-04-09 to 2024-09-02,4.617,4.448,-0.17,Negative (Hype Decay),247.1,191.3,-55.8,0.9174,0.0826,0.2914,0.7086,0.6582,0.3418
Barry Lyndon,1975,Classic Era (1970-1999),War,English,332,2004-11-02 to 2020-09-11,2022-11-14 to 2024-09-03,4.672,4.685,0.013,Stable Consensual,189.2,200.2,11.0,0.868,0.132,0.2564,0.7436,0.5958,0.4042
Before Sunrise,1995,Classic Era (1970-1999),Romance,English,339,2007-05-04 to 2020-10-06,2023-01-29 to 2024-09-03,4.589,4.805,0.216,Positive (Canonization),123.5,118.7,-4.9,0.8111,0.1889,0.2547,0.7453,0.6252,0.3748
Before Sunset,2004,Modern Era (2000-2024),Romance,English,348,2007-11-28 to 2020-11-07,2023-01-10 to 2024-09-02,4.719,4.69,-0.029,Stable Consensual,125.1,126.0,0.9,0.7218,0.2782,0.2528,0.7472,0.6315,0.3685
Brief Encounter,1945,Golden Era (Pre-1970),Romance,English,337,2012-03-16 to 2020-05-23,2022-05-29 to 2024-09-03,4.556,4.423,-0.132,Negative (Hype Decay),178.9,116.4,-62.5,0.7493,0.2507,0.2594,0.7406,0.663,0.337
Casablanca,1942,Golden Era (Pre-1970),Romance,English,338,2011-11-03 to 2021-01-28,2023-03-05 to 2024-09-01,4.581,4.5,-0.081,Stable Consensual,144.0,160.3,16.3,0.8529,0.1471,0.2616,0.7384,0.6314,0.3686
Children of Men,2006,Modern Era (2000-2024),Action,English,341,2006-09-23 to 2020-07-15,2022-10-14 to 2024-09-02,4.618,4.521,-0.097,Stable Consensual,163.8,153.9,-10.0,0.8732,0.1268,0.2666,0.7334,0.6784,0.3216
Children of Paradise,1945,Golden Era (Pre-1970),Romance,French,322,2011-06-29 to 2020-12-14,2022-09-17 to 2024-09-03,4.429,4.344,-0.085,Stable Consensual,217.2,151.2,-66.0,0.8666,0.1334,0.2444,0.7556,0.6484,0.3516
Chinatown,1974,Classic Era (1970-1999),Thriller,English,330,1996-02-24 to 2021-02-16,2023-01-29 to 2024-09-03,4.422,4.565,0.143,Positive (Canonization),205.6,154.5,-51.2,0.826,0.174,0.2523,0.7477,0.6342,0.3658
Chungking Express,1994,Classic Era (1970-1999),Comedy,Cantonese,344,2001-10-18 to 2021-02-01,2022-07-15 to 2024-09-03,4.567,4.683,0.117,Positive (Canonization),186.1,131.2,-54.8,0.7758,0.2242,0.2333,0.7667,0.6331,0.3669
Cinema Paradiso,1988,Classic Era (1970-1999),Romance,Italian,346,2012-12-16 to 2021-02-21,2022-12-15 to 2024-09-03,4.533,4.773,0.24,Positive (Canonization),197.3,137.9,-59.5,0.8917,0.1083,0.2582,0.7418,0.6185,0.3815
City Lights,1931,Golden Era (Pre-1970),Comedy,No spoken language,331,1993-01-23 to 2020-07-15,2022-06-30 to 2024-09-01,4.543,4.396,-0.148,Negative (Hype Decay),156.9,126.7,-30.2,0.9235,0.0765,0.2765,0.7235,0.6504,0.3496
City of God,2002,Modern Era (2000-2024),Crime,Portuguese,343,2002-08-30 to 2021-06-16,2023-08-25 to 2024-09-04,4.458,4.708,0.25,Positive (Canonization),178.5,158.9,-19.6,0.7464,0.2536,0.2556,0.7444,0.6341,0.3659
Come and See,1985,Classic Era (1970-1999),War,Russian,335,2012-10-11 to 2020-08-11,2022-04-09 to 2024-09-01,4.748,4.744,-0.004,Stable Consensual,221.2,186.1,-35.1,0.8612,0.1388,0.255,0.745,0.671,0.329
Cure,1997,Classic Era (1970-1999),Crime,Japanese,342,2012-10-24 to 2021-08-30,2023-03-21 to 2024-09-02,4.508,4.559,0.05,Stable Consensual,172.7,159.9,-12.7,0.8844,0.1156,0.2859,0.7141,0.6656,0.3344
Das Boot,1981,Classic Era (1970-1999),War,German,333,2011-07-10 to 2020-04-03,2022-08-20 to 2024-09-03,4.384,4.397,0.013,Stable Consensual,182.4,184.5,2.1,0.8541,0.1459,0.2577,0.7423,0.6465,0.3535
Dersu Uzala,1975,Classic Era (1970-1999),Adventure,Russian,335,1994-02-19 to 2021-07-19,2023-03-16 to 2024-09-01,4.248,4.368,0.12,Positive (Canonization),211.1,135.8,-75.3,0.7435,0.2565,0.196,0.804,0.6453,0.3547
Django Unchained,2012,Modern Era (2000-2024),Western,English,348,2012-12-07 to 2020-12-04,2023-05-30 to 2024-09-03,4.318,4.558,0.24,Positive (Canonization),195.3,158.7,-36.6,0.831,0.169,0.2502,0.7498,0.6155,0.3845
Dog Day Afternoon,1975,Classic Era (1970-1999),Thriller,English,343,2012-12-06 to 2020-11-04,2022-08-06 to 2024-09-03,4.662,4.579,-0.083,Stable Consensual,133.1,102.4,-30.7,0.8623,0.1377,0.2395,0.7605,0.6311,0.3689
Double Indemnity,1944,Golden Era (Pre-1970),Crime,English,330,2012-05-23 to 2020-09-13,2022-07-31 to 2024-09-02,4.496,4.565,0.07,Stable Consensual,149.0,133.9,-15.1,0.9045,0.0955,0.2869,0.7131,0.664,0.336
Dr. Strangelove or: How I Learned to Stop Worrying and Love the Bomb,1964,Golden Era (Pre-1970),Comedy,English,329,2011-01-28 to 2020-08-21,2022-11-21 to 2024-09-04,4.526,4.317,-0.209,Negative (Hype Decay),190.2,136.0,-54.2,0.8498,0.1502,0.2558,0.7442,0.6487,0.3513
Dune: Part Two,2024,Modern Era (2000-2024),Adventure,English,335,2024-02-13 to 2024-02-29,2024-03-02 to 2024-08-17,4.637,4.419,-0.218,Negative (Hype Decay),107.7,151.1,43.4,0.7863,0.2137,0.2389,0.7611,0.6313,0.3687
Eternal Sunshine of the Spotless Mind,2004,Modern Era (2000-2024),Science Fiction,English,330,2012-12-18 to 2021-02-14,2023-07-21 to 2024-09-03,4.509,4.639,0.13,Positive (Canonization),178.9,105.8,-73.0,0.8195,0.1805,0.2439,0.7561,0.645,0.355
Evangelion: 3.0+1.0 Thrice Upon a Time,2021,Modern Era (2000-2024),Science Fiction,Japanese,312,2021-01-25 to 2021-08-14,2021-12-23 to 2024-08-31,4.294,4.532,0.239,Positive (Canonization),236.9,311.3,74.4,0.8644,0.1356,0.25,0.75,0.5954,0.4046
Everything Everywhere All at Once,2022,Modern Era (2000-2024),Science Fiction,English,331,1896-06-18 to 2022-04-08,2022-05-18 to 2024-08-28,4.126,4.026,-0.1,Stable Consensual,147.3,117.5,-29.8,0.7912,0.2088,0.261,0.739,0.6236,0.3764
Fanny and Alexander,1982,Classic Era (1970-1999),Mystery,Swedish,327,2006-04-12 to 2020-03-12,2021-10-12 to 2024-08-28,4.667,4.496,-0.171,Negative (Hype Decay),246.3,183.5,-62.7,0.8892,0.1108,0.2604,0.7396,0.6111,0.3889
Fantastic Mr. Fox,2009,Modern Era (2000-2024),Comedy,English,343,2013-09-07 to 2021-01-08,2023-01-01 to 2024-09-04,4.6,4.629,0.029,Stable Consensual,72.1,75.7,3.6,0.8612,0.1388,0.2619,0.7381,0.652,0.348
Fight Club,1999,Classic Era (1970-1999),Thriller,English,319,2007-10-31 to 2020-09-20,2022-10-13 to 2024-09-04,4.536,4.667,0.131,Positive (Canonization),85.3,94.2,8.9,0.5734,0.4266,0.186,0.814,0.6181,0.3819
GoodFellas,1990,Classic Era (1970-1999),Crime,English,342,2012-05-16 to 2021-02-04,2022-09-20 to 2024-09-03,4.555,4.79,0.235,Positive (Canonization),158.3,141.3,-17.0,0.8774,0.1226,0.2636,0.7364,0.6508,0.3492
Grave of the Fireflies,1988,Classic Era (1970-1999),Animation,Japanese,330,2012-07-20 to 2020-11-02,2023-02-17 to 2024-09-04,4.491,4.539,0.048,Stable Consensual,183.7,133.9,-49.7,0.8676,0.1324,0.2612,0.7388,0.6683,0.3317
Happy Together,1997,Classic Era (1970-1999),Romance,Cantonese,341,2009-03-11 to 2021-01-25,2022-01-19 to 2024-08-31,4.378,4.504,0.126,Positive (Canonization),185.5,160.8,-24.7,0.8777,0.1223,0.2639,0.7361,0.6328,0.3672
Harakiri,1962,Golden Era (Pre-1970),History,Japanese,338,2011-11-07 to 2020-12-16,2023-03-31 to 2024-09-02,4.763,4.669,-0.093,Stable Consensual,215.4,169.5,-46.0,0.8951,0.1049,0.2836,0.7164,0.6588,0.3412
Heat,1995,Classic Era (1970-1999),Crime,English,319,1987-03-13 to 2022-01-23,2023-08-16 to 2024-08-31,3.27,3.18,-0.09,Stable Consensual,127.5,109.7,-17.8,0.8656,0.1344,0.2622,0.7378,0.6369,0.3631
High and Low,1963,Golden Era (Pre-1970),Thriller,Japanese,339,1963-03-01 to 2021-01-25,2022-08-08 to 2024-09-02,4.661,4.737,0.076,Stable Consensual,253.1,168.1,-85.1,0.9179,0.0821,0.2856,0.7144,0.6585,0.3415
Howl's Moving Castle,2004,Modern Era (2000-2024),Animation,Japanese,344,2014-04-09 to 2021-03-13,2023-04-23 to 2024-09-04,4.312,4.338,0.025,Stable Consensual,130.3,83.5,-46.8,0.8624,0.1376,0.2624,0.7376,0.6353,0.3647
In the Mood for Love,2000,Modern Era (2000-2024),Romance,Cantonese,340,2012-05-11 to 2020-10-01,2022-05-22 to 2024-09-03,4.644,4.703,0.059,Stable Consensual,194.1,148.9,-45.2,0.7844,0.2156,0.2296,0.7704,0.6236,0.3764
Incendies,2010,Modern Era (2000-2024),Mystery,French,346,2012-05-22 to 2021-04-23,2023-10-03 to 2024-09-01,4.405,4.38,-0.025,Stable Consensual,147.7,133.8,-13.9,0.7806,0.2194,0.2537,0.7463,0.64,0.36
Inglourious Basterds,2009,Modern Era (2000-2024),War,English,338,2009-08-27 to 2019-11-24,2022-06-21 to 2024-09-03,4.784,4.733,-0.051,Stable Consensual,151.3,125.0,-26.3,0.8745,0.1255,0.2644,0.7356,0.642,0.358
Interstellar,2014,Modern Era (2000-2024),Science Fiction,English,343,2014-10-23 to 2020-07-09,2023-03-16 to 2024-09-03,4.292,4.617,0.325,Positive (Canonization),280.3,133.2,-147.1,0.8448,0.1552,0.248,0.752,0.6356,0.3644
It's Such a Beautiful Day,2012,Modern Era (2000-2024),Animation,English,322,2012-12-03 to 2020-09-05,2022-10-11 to 2024-09-03,4.415,4.522,0.107,Positive (Canonization),188.1,124.2,-63.9,0.8448,0.1552,0.2753,0.7247,0.6438,0.3562
It's a Wonderful Life,1946,Golden Era (Pre-1970),Family,English,336,2011-11-09 to 2020-12-25,2022-12-22 to 2024-09-02,4.705,4.765,0.06,Stable Consensual,189.4,122.4,-66.9,0.897,0.103,0.2556,0.7444,0.6295,0.3705
Judgment at Nuremberg,1961,Golden Era (Pre-1970),History,English,336,1961-12-19 to 2020-12-24,2023-07-19 to 2024-09-02,4.393,4.444,0.051,Stable Consensual,233.3,181.4,-51.8,0.8165,0.1835,0.2796,0.7204,0.6444,0.3556
La Dolce Vita,1960,Golden Era (Pre-1970),Comedy,Italian,336,1995-05-04 to 2020-07-24,2021-10-10 to 2024-09-02,4.303,4.355,0.051,Stable Consensual,217.2,192.9,-24.4,0.9111,0.0889,0.2589,0.7411,0.6369,0.3631
La Haine,1995,Classic Era (1970-1999),Crime,French,348,2012-05-13 to 2021-01-16,2023-04-05 to 2024-09-03,4.558,4.57,0.012,Stable Consensual,163.6,114.6,-49.1,0.7445,0.2555,0.2367,0.7633,0.6477,0.3523
La Notte,1961,Golden Era (Pre-1970),Romance,Italian,322,1998-04-26 to 2020-10-29,2022-02-26 to 2024-08-31,4.451,4.384,-0.067,Stable Consensual,225.0,162.7,-62.3,0.8736,0.1264,0.2509,0.7491,0.6756,0.3244
Lawrence of Arabia,1962,Golden Era (Pre-1970),Adventure,English,338,1994-11-03 to 2021-03-13,2023-08-12 to 2024-09-03,4.542,4.631,0.089,Stable Consensual,295.6,173.3,-122.3,0.8869,0.1131,0.2706,0.7294,0.6468,0.3532
Le Samouraï,1967,Golden Era (Pre-1970),Thriller,French,338,2012-05-05 to 2021-01-22,2023-09-06 to 2024-09-03,4.441,4.513,0.072,Stable Consensual,182.8,116.1,-66.7,0.8544,0.1456,0.2555,0.7445,0.6559,0.3441
Le Trou,1960,Golden Era (Pre-1970),Crime,French,337,2012-09-01 to 2021-01-06,2023-03-24 to 2024-09-04,4.607,4.504,-0.103,Negative (Hype Decay),128.6,120.1,-8.5,0.8461,0.1539,0.2473,0.7527,0.6306,0.3694
Life Is Beautiful,1997,Classic Era (1970-1999),Comedy,Italian,326,2010-09-22 to 2020-10-26,2022-10-05 to 2024-09-01,3.864,4.298,0.434,Positive (Canonization),161.1,126.2,-34.9,0.7585,0.2415,0.2409,0.7591,0.6136,0.3864
"Life, and Nothing More…",1992,Classic Era (1970-1999),Adventure,Persian (Farsi),336,2000-02-18 to 2021-03-12,2022-02-23 to 2024-09-04,4.457,4.444,-0.013,Stable Consensual,167.4,130.3,-37.0,0.8703,0.1297,0.2386,0.7614,0.6358,0.3642
Love Exposure,2008,Modern Era (2000-2024),Comedy,Japanese,335,2012-11-15 to 2020-09-21,2021-09-15 to 2024-08-28,4.385,4.41,0.026,Stable Consensual,197.5,167.0,-30.5,0.8594,0.1406,0.2369,0.7631,0.6321,0.3679
M,1931,Golden Era (Pre-1970),Thriller,German,319,2008-07-04 to 2020-09-27,2022-07-31 to 2024-08-26,4.459,4.324,-0.135,Negative (Hype Decay),218.5,184.3,-34.2,0.835,0.165,0.2612,0.7388,0.6314,0.3686
Make Way for Tomorrow,1937,Golden Era (Pre-1970),Romance,English,328,2012-11-11 to 2020-12-03,2022-03-05 to 2024-09-01,4.504,4.395,-0.11,Negative (Hype Decay),191.7,132.7,-59.0,0.8793,0.1207,0.2956,0.7044,0.6494,0.3506
Malcolm X,1992,Classic Era (1970-1999),History,English,330,2012-02-04 to 2020-06-16,2022-06-08 to 2024-09-01,4.591,4.617,0.026,Stable Consensual,226.4,216.2,-10.1,0.9357,0.0643,0.2829,0.7171,0.6641,0.3359
Marcel the Shell with Shoes On,2021,Modern Era (2000-2024),Animation,English,252,2010-12-10 to 2022-07-15,2023-01-28 to 2024-09-01,4.102,3.812,-0.29,Negative (Hype Decay),16.1,16.9,0.7,0.645,0.355,0.2582,0.7418,0.506,0.494
Mary and Max,2009,Modern Era (2000-2024),Animation,English,341,2012-03-25 to 2020-05-26,2022-10-15 to 2024-09-02,4.286,4.483,0.197,Positive (Canonization),172.4,126.0,-46.4,0.6032,0.3968,0.2178,0.7822,0.5818,0.4182
Memories of Murder,2003,Modern Era (2000-2024),Thriller,Korean,336,2012-03-13 to 2020-11-02,2022-08-29 to 2024-09-03,4.509,4.641,0.132,Positive (Canonization),155.5,149.8,-5.7,0.8296,0.1704,0.2575,0.7425,0.6573,0.3427
Metropolis,1927,Golden Era (Pre-1970),Science Fiction,No spoken language,330,2013-01-16 to 2020-10-12,2023-01-27 to 2024-09-01,4.47,4.309,-0.161,Negative (Hype Decay),245.8,170.0,-75.8,0.901,0.099,0.279,0.721,0.6637,0.3363
Millennium Actress,2001,Modern Era (2000-2024),Romance,Japanese,336,2012-12-28 to 2021-03-05,2022-11-07 to 2024-09-02,4.316,4.312,-0.004,Stable Consensual,168.4,114.4,-54.0,0.8908,0.1092,0.2814,0.7186,0.6558,0.3442
Mirror,1975,Classic Era (1970-1999),History,Russian,324,2004-08-03 to 2020-07-26,2021-12-26 to 2024-09-01,4.482,4.279,-0.204,Negative (Hype Decay),227.5,176.9,-50.6,0.8861,0.1139,0.2506,0.7494,0.6404,0.3596
Modern Times,1936,Golden Era (Pre-1970),Romance,English,335,1993-01-30 to 2020-05-04,2022-03-08 to 2024-09-03,4.427,4.415,-0.013,Stable Consensual,210.2,139.7,-70.5,0.8121,0.1879,0.2387,0.7613,0.6284,0.3716
Monster,2023,Modern Era (2000-2024),Thriller,Japanese,335,2004-06-02 to 2020-09-27,2022-10-30 to 2024-09-03,3.709,3.91,0.201,Positive (Canonization),101.8,97.2,-4.6,0.8357,0.1643,0.2434,0.7566,0.6196,0.3804
Mulholland Drive,2001,Modern Era (2000-2024),Mystery,English,338,2012-05-19 to 2020-05-27,2022-04-23 to 2024-09-03,4.644,4.746,0.102,Positive (Canonization),204.0,170.1,-33.9,0.8293,0.1707,0.2586,0.7414,0.661,0.339
Napoleon,2023,Modern Era (2000-2024),Romance,English,326,1995-06-04 to 2021-08-15,2023-11-20 to 2024-08-31,4.605,4.671,0.066,Stable Consensual,212.8,173.7,-39.1,0.9069,0.0931,0.2584,0.7416,0.6342,0.3658
Neon Genesis Evangelion: The End of Evangelion,1997,Classic Era (1970-1999),Animation,Japanese,324,2013-07-09 to 2021-05-16,2022-08-03 to 2024-09-03,4.544,4.801,0.257,Positive (Canonization),248.2,187.7,-60.5,0.8158,0.1842,0.2667,0.7333,0.662,0.338
No Country for Old Men,2007,Modern Era (2000-2024),Crime,English,332,2008-01-22 to 2020-11-19,2022-10-22 to 2024-09-03,4.496,4.612,0.116,Positive (Canonization),192.8,142.7,-50.1,0.8883,0.1117,0.2824,0.7176,0.6772,0.3228
Nostalgia,1983,Classic Era (1970-1999),Romance,Russian,329,2013-06-01 to 2020-11-06,2023-01-04 to 2024-08-29,4.396,4.239,-0.157,Negative (Hype Decay),242.1,160.3,-81.8,0.895,0.105,0.2549,0.7451,0.6175,0.3825
Oldboy,2003,Modern Era (2000-2024),Thriller,Korean,333,1952-06-02 to 2021-04-06,2023-08-17 to 2024-09-03,4.366,4.487,0.121,Positive (Canonization),134.5,111.3,-23.2,0.8431,0.1569,0.262,0.738,0.6274,0.3726
Once Upon a Time in the West,1968,Golden Era (Pre-1970),Western,English,334,2004-09-28 to 2020-07-06,2023-02-04 to 2024-09-02,4.707,4.556,-0.151,Negative (Hype Decay),258.7,172.3,-86.4,0.8714,0.1286,0.249,0.751,0.599,0.401
Oppenheimer,2023,Modern Era (2000-2024),History,English,335,2023-07-11 to 2023-07-20,2023-07-23 to 2024-08-27,4.115,4.432,0.316,Positive (Canonization),166.0,257.1,91.1,0.8617,0.1383,0.2587,0.7413,0.6513,0.3487
Paper Moon,1973,Classic Era (1970-1999),Crime,English,340,2013-02-22 to 2021-01-23,2023-01-27 to 2024-09-03,4.504,4.53,0.025,Stable Consensual,146.5,102.0,-44.6,0.9012,0.0988,0.3003,0.6997,0.6592,0.3408
Parasite,2019,Modern Era (2000-2024),Thriller,Korean,329,1983-07-27 to 2021-01-12,2022-10-11 to 2024-08-18,2.3,2.491,0.191,Positive (Canonization),85.9,101.8,15.9,0.8542,0.1458,0.2639,0.7361,0.6277,0.3723
Pather Panchali,1955,Golden Era (Pre-1970),History,"Bengali, Bangla",334,2013-01-13 to 2020-08-14,2021-09-24 to 2024-09-03,4.595,4.405,-0.19,Negative (Hype Decay),217.5,184.2,-33.2,0.9236,0.0764,0.3008,0.6992,0.6718,0.3282
Paths of Glory,1957,Golden Era (Pre-1970),War,English,343,2012-04-06 to 2020-07-24,2022-10-18 to 2024-09-01,4.625,4.575,-0.05,Stable Consensual,217.8,183.1,-34.7,0.9176,0.0824,0.2818,0.7182,0.6784,0.3216
Perfect Blue,1997,Classic Era (1970-1999),Thriller,Japanese,337,2012-01-26 to 2021-01-07,2023-02-23 to 2024-09-02,4.402,4.564,0.162,Positive (Canonization),163.4,113.5,-49.9,0.7844,0.2156,0.2315,0.7685,0.6493,0.3507
Portrait of a Lady on Fire,2019,Modern Era (2000-2024),Romance,French,343,2019-05-20 to 2020-01-07,2020-08-11 to 2024-09-03,4.579,4.775,0.196,Positive (Canonization),106.2,126.6,20.4,0.6521,0.3479,0.2381,0.7619,0.6593,0.3407
Princess Mononoke,1997,Classic Era (1970-1999),Fantasy,Japanese,338,1998-07-17 to 2020-12-28,2023-02-01 to 2024-09-02,4.513,4.703,0.191,Positive (Canonization),200.7,146.2,-54.5,0.8541,0.1459,0.262,0.738,0.6269,0.3731
Prisoners,2013,Modern Era (2000-2024),Thriller,English,341,2013-09-04 to 2020-08-03,2022-11-24 to 2024-09-04,4.466,4.529,0.063,Stable Consensual,138.8,125.1,-13.7,0.83,0.17,0.2648,0.7352,0.6517,0.3483
Psycho,1960,Golden Era (Pre-1970),Mystery,English,339,2009-05-13 to 2020-11-26,2023-05-10 to 2024-09-03,4.737,4.75,0.013,Stable Consensual,182.7,135.7,-47.0,0.8377,0.1623,0.2474,0.7526,0.6101,0.3899
Pulp Fiction,1994,Classic Era (1970-1999),Comedy,English,333,1995-04-06 to 2021-03-27,2023-08-01 to 2024-09-03,4.353,4.612,0.259,Positive (Canonization),142.2,142.6,0.4,0.837,0.163,0.2313,0.7687,0.6273,0.3727
Ran,1985,Classic Era (1970-1999),History,Japanese,335,2012-07-20 to 2021-01-13,2023-03-10 to 2024-09-03,4.654,4.645,-0.009,Stable Consensual,315.4,185.3,-130.1,0.8448,0.1552,0.2431,0.7569,0.6497,0.3503
Rashomon,1950,Golden Era (Pre-1970),Crime,Japanese,339,2010-12-03 to 2020-07-30,2022-02-21 to 2024-09-01,4.381,4.22,-0.161,Negative (Hype Decay),243.0,153.0,-89.9,0.8772,0.1228,0.2656,0.7344,0.6432,0.3568
Rear Window,1954,Golden Era (Pre-1970),Thriller,English,330,2012-07-17 to 2020-11-23,2023-08-07 to 2024-09-03,4.704,4.591,-0.113,Negative (Hype Decay),215.6,177.2,-38.4,0.8663,0.1337,0.2612,0.7388,0.6572,0.3428
Rififi,1955,Golden Era (Pre-1970),Crime,French,334,1955-04-13 to 2020-01-02,2021-06-28 to 2024-09-01,4.362,4.353,-0.009,Stable Consensual,179.9,142.6,-37.3,0.8866,0.1134,0.265,0.735,0.6269,0.3731
Rocco and His Brothers,1960,Golden Era (Pre-1970),Romance,Italian,333,2000-07-27 to 2020-09-18,2022-05-04 to 2024-09-02,4.379,4.474,0.095,Stable Consensual,172.0,210.1,38.1,0.8884,0.1116,0.2569,0.7431,0.6857,0.3143
Samurai Rebellion,1967,Golden Era (Pre-1970),Action,Japanese,336,2005-08-23 to 2021-01-16,2022-08-25 to 2024-09-02,4.453,4.316,-0.137,Negative (Hype Decay),212.7,156.0,-56.7,0.8861,0.1139,0.2513,0.7487,0.6327,0.3673
Saving Private Ryan,1998,Classic Era (1970-1999),History,English,330,1998-09-11 to 2020-11-01,2022-11-27 to 2024-09-02,4.248,4.47,0.222,Positive (Canonization),219.6,152.9,-66.7,0.9168,0.0832,0.2898,0.7102,0.6576,0.3424
Scenes from a Marriage,1974,Classic Era (1970-1999),Romance,Swedish,332,2005-12-26 to 2020-08-03,2021-12-29 to 2024-09-03,4.534,4.375,-0.159,Negative (Hype Decay),219.9,140.5,-79.4,0.8804,0.1196,0.2484,0.7516,0.6453,0.3547
Schindler's List,1993,Classic Era (1970-1999),History,English,329,2012-07-21 to 2020-10-21,2023-02-12 to 2024-09-04,4.674,4.648,-0.026,Stable Consensual,213.5,196.8,-16.7,0.8867,0.1133,0.2696,0.7304,0.6517,0.3483
Se7en,1995,Classic Era (1970-1999),Mystery,English,331,2012-07-09 to 2020-11-27,2023-01-11 to 2024-09-02,4.574,4.674,0.1,Stable Consensual,156.4,131.5,-24.9,0.7853,0.2147,0.2555,0.7445,0.6403,0.3597
Seven Samurai,1954,Golden Era (Pre-1970),Action,Japanese,329,2012-08-28 to 2020-08-04,2023-03-14 to 2024-09-01,4.67,4.774,0.104,Positive (Canonization),257.9,187.2,-70.6,0.9194,0.0806,0.2977,0.7023,0.6739,0.3261
Sherlock Jr.,1924,Golden Era (Pre-1970),Comedy,No spoken language,334,2012-06-02 to 2021-02-02,2023-05-28 to 2024-09-03,4.483,4.461,-0.022,Stable Consensual,197.2,128.0,-69.2,0.8837,0.1163,0.2554,0.7446,0.6468,0.3532
Shoplifters,2018,Modern Era (2000-2024),Thriller,Japanese,342,2018-05-14 to 2019-02-20,2021-05-13 to 2024-08-30,4.416,4.433,0.017,Stable Consensual,129.0,145.1,16.0,0.825,0.175,0.2502,0.7498,0.6463,0.3537
Singin' in the Rain,1952,Golden Era (Pre-1970),Comedy,English,345,1997-06-26 to 2021-01-02,2023-04-30 to 2024-09-03,4.737,4.742,0.004,Stable Consensual,108.0,107.9,-0.1,0.6534,0.3466,0.2442,0.7558,0.6414,0.3586
Solaris,1972,Classic Era (1970-1999),Mystery,Russian,327,2011-04-15 to 2020-10-14,2022-03-30 to 2024-09-03,4.439,4.224,-0.215,Negative (Hype Decay),191.2,240.1,49.0,0.8461,0.1539,0.2433,0.7567,0.6477,0.3523
Some Like It Hot,1959,Golden Era (Pre-1970),Romance,English,338,2011-06-21 to 2021-01-08,2023-04-10 to 2024-09-03,4.496,4.631,0.136,Positive (Canonization),168.1,81.0,-87.1,0.8826,0.1174,0.2545,0.7455,0.6268,0.3732
Sorcerer,1977,Classic Era (1970-1999),Thriller,English,336,2013-05-02 to 2021-05-29,2023-08-11 to 2024-09-01,4.444,4.513,0.068,Stable Consensual,199.0,153.5,-45.5,0.8926,0.1074,0.2621,0.7379,0.6382,0.3618
Spider-Man: Across the Spider-Verse,2023,Modern Era (2000-2024),Animation,English,342,2023-05-19 to 2023-06-01,2023-06-04 to 2024-09-02,4.647,4.387,-0.261,Negative (Hype Decay),89.2,157.2,68.0,0.8144,0.1856,0.2168,0.7832,0.6296,0.3704
Spider-Man: Into the Spider-Verse,2018,Modern Era (2000-2024),Adventure,English,346,2018-11-27 to 2019-04-05,2022-08-17 to 2024-09-01,4.628,4.806,0.178,Positive (Canonization),133.6,106.4,-27.3,0.866,0.134,0.2406,0.7594,0.6268,0.3732
Spirited Away,2001,Modern Era (2000-2024),Family,Japanese,338,2006-03-18 to 2020-12-31,2023-01-21 to 2024-09-03,4.674,4.703,0.03,Stable Consensual,120.0,93.9,-26.1,0.8468,0.1532,0.2569,0.7431,0.6214,0.3786
Stalker,1979,Classic Era (1970-1999),Science Fiction,Russian,321,2008-06-20 to 2020-03-30,2021-12-17 to 2024-09-01,4.554,4.549,-0.004,Stable Consensual,285.5,271.1,-14.4,0.93,0.07,0.3,0.7,0.6711,0.3289
Still Walking,2008,Modern Era (2000-2024),Family,Japanese,340,2014-01-27 to 2020-07-19,2022-01-13 to 2024-08-31,4.589,4.419,-0.169,Negative (Hype Decay),216.3,218.3,2.0,0.8739,0.1261,0.2779,0.7221,0.6489,0.3511
Swing Girls,2004,Modern Era (2000-2024),Comedy,Japanese,324,2014-09-16 to 2022-06-09,2023-07-29 to 2024-09-02,4.394,4.54,0.146,Positive (Canonization),68.7,65.4,-3.4,0.7814,0.2186,0.2223,0.7777,0.6252,0.3748
Tampopo,1985,Classic Era (1970-1999),Comedy,Japanese,340,2014-03-02 to 2020-12-27,2022-07-31 to 2024-09-01,4.297,4.381,0.085,Stable Consensual,139.9,141.4,1.5,0.853,0.147,0.2462,0.7538,0.5955,0.4045
Terminator 2: Judgment Day,1991,Classic Era (1970-1999),Thriller,English,333,1992-06-01 to 2021-01-29,2023-05-18 to 2024-09-03,4.703,4.711,0.009,Stable Consensual,231.1,124.7,-106.5,0.904,0.096,0.2632,0.7368,0.6272,0.3728
The Apartment,1960,Golden Era (Pre-1970),Romance,English,340,2006-06-25 to 2020-12-20,2022-12-31 to 2024-09-02,4.648,4.729,0.081,Stable Consensual,186.2,119.8,-66.5,0.8799,0.1201,0.2564,0.7436,0.6444,0.3556
The Ascent,1977,Classic Era (1970-1999),War,Russian,338,2008-10-05 to 2021-01-24,2022-01-15 to 2024-09-02,4.521,4.525,0.004,Stable Consensual,193.2,173.2,-20.0,0.8565,0.1435,0.2743,0.7257,0.6618,0.3382
The Battle of Algiers,1966,Golden Era (Pre-1970),History,Arabic,325,2012-07-11 to 2020-11-17,2022-07-14 to 2024-09-02,4.46,4.509,0.049,Stable Consensual,232.6,136.8,-95.8,0.8598,0.1402,0.2591,0.7409,0.6184,0.3816
The Best Years of Our Lives,1946,Golden Era (Pre-1970),Romance,English,331,1999-07-03 to 2020-08-11,2022-11-29 to 2024-09-01,4.522,4.474,-0.048,Stable Consensual,208.4,164.5,-43.9,0.8434,0.1566,0.2758,0.7242,0.6831,0.3169
The Best of Youth,2003,Modern Era (2000-2024),History,Italian,325,2005-05-07 to 2021-02-07,2022-12-26 to 2024-09-02,4.522,4.606,0.084,Stable Consensual,106.4,105.2,-1.2,0.6438,0.3562,0.1841,0.8159,0.5798,0.4202
The Bridge on the River Kwai,1957,Golden Era (Pre-1970),War,English,333,2010-12-11 to 2020-09-06,2022-11-22 to 2024-09-02,4.284,4.31,0.026,Stable Consensual,215.9,169.7,-46.2,0.8918,0.1082,0.2913,0.7087,0.6532,0.3468
The Cranes Are Flying,1957,Golden Era (Pre-1970),Romance,Russian,337,1999-03-30 to 2021-02-15,2022-07-13 to 2024-09-03,4.453,4.41,-0.043,Stable Consensual,212.3,153.5,-58.8,0.8279,0.1721,0.2549,0.7451,0.6175,0.3825
The Cremator,1969,Golden Era (Pre-1970),Horror,Czech,340,2006-10-05 to 2021-07-04,2022-10-31 to 2024-09-01,4.5,4.436,-0.064,Stable Consensual,265.1,188.6,-76.5,0.8587,0.1413,0.2443,0.7557,0.6128,0.3872
The Dark Knight,2008,Modern Era (2000-2024),Thriller,English,331,2008-07-18 to 2021-01-12,2023-03-04 to 2024-09-02,4.491,4.7,0.209,Positive (Canonization),154.3,211.5,57.1,0.9088,0.0912,0.2754,0.7246,0.6417,0.3583
The Departed,2006,Modern Era (2000-2024),Thriller,English,331,2006-09-29 to 2021-01-01,2022-12-29 to 2024-09-03,4.448,4.63,0.183,Positive (Canonization),117.3,128.1,10.7,0.803,0.197,0.2428,0.7572,0.6354,0.3646
The Elephant Man,1980,Classic Era (1970-1999),History,English,336,2012-04-12 to 2020-11-10,2023-04-24 to 2024-09-03,4.385,4.462,0.077,Stable Consensual,181.6,153.2,-28.5,0.8852,0.1148,0.2544,0.7456,0.6638,0.3362
The Empire Strikes Back,1980,Classic Era (1970-1999),Science Fiction,English,333,2012-05-24 to 2020-08-25,2023-04-04 to 2024-09-01,4.784,4.763,-0.022,Stable Consensual,169.7,198.4,28.7,0.9055,0.0945,0.2942,0.7058,0.6674,0.3326
The Fifth Seal,1976,Classic Era (1970-1999),War,Hungarian,339,2016-06-29 to 2022-01-30,2023-10-06 to 2024-09-02,4.445,4.394,-0.051,Stable Consensual,144.8,97.4,-47.4,0.6823,0.3177,0.2252,0.7748,0.6239,0.3761
The First Slam Dunk,2022,Modern Era (2000-2024),Animation,Japanese,339,2021-10-24 to 2023-08-02,2024-04-04 to 2024-09-03,4.314,4.318,0.004,Stable Consensual,149.5,125.4,-24.1,0.7538,0.2462,0.2071,0.7929,0.5821,0.4179
The Godfather,1972,Classic Era (1970-1999),Crime,English,322,1971-03-29 to 2021-01-23,2022-07-28 to 2024-09-02,4.54,4.647,0.107,Positive (Canonization),164.7,143.2,-21.5,0.8597,0.1403,0.2672,0.7328,0.6308,0.3692
The Godfather Part II,1974,Classic Era (1970-1999),Crime,English,331,2011-01-18 to 2020-12-12,2022-08-03 to 2024-09-02,4.691,4.683,-0.009,Stable Consensual,185.7,163.2,-22.5,0.9082,0.0918,0.2809,0.7191,0.651,0.349
"The Good, the Bad and the Ugly",1966,Golden Era (Pre-1970),Western,Italian,334,2012-10-02 to 2020-11-28,2023-07-03 to 2024-09-03,4.806,4.724,-0.082,Stable Consensual,232.3,192.6,-39.7,0.9077,0.0923,0.2579,0.7421,0.5943,0.4057
The Grand Budapest Hotel,2014,Modern Era (2000-2024),Comedy,English,338,2014-02-03 to 2020-10-12,2022-08-29 to 2024-09-02,4.492,4.525,0.034,Stable Consensual,155.7,100.1,-55.6,0.86,0.14,0.2618,0.7382,0.6332,0.3668
The Great Dictator,1940,Golden Era (Pre-1970),Comedy,English,326,1995-11-18 to 2020-08-10,2022-07-15 to 2024-09-03,4.465,4.316,-0.149,Negative (Hype Decay),221.3,185.5,-35.8,0.8346,0.1654,0.2435,0.7565,0.6275,0.3725
The Green Mile,1999,Classic Era (1970-1999),Crime,English,340,1999-12-22 to 2021-02-26,2023-03-15 to 2024-09-03,4.258,4.538,0.28,Positive (Canonization),134.4,129.6,-4.9,0.8859,0.1141,0.2689,0.7311,0.6304,0.3696
The Handmaiden,2016,Modern Era (2000-2024),Thriller,Korean,347,2016-05-14 to 2019-12-29,2021-08-14 to 2024-08-30,4.537,4.694,0.157,Positive (Canonization),114.6,116.7,2.1,0.825,0.175,0.2559,0.7441,0.6448,0.3552
The Holdovers,2023,Modern Era (2000-2024),Comedy,English,339,2022-08-11 to 2023-11-26,2023-12-24 to 2024-08-25,4.271,4.445,0.174,Positive (Canonization),111.4,123.9,12.5,0.7937,0.2063,0.2387,0.7613,0.6406,0.3594
The Human Condition I: No Greater Love,1959,Golden Era (Pre-1970),War,Japanese,334,2013-01-04 to 2021-03-15,2022-11-25 to 2024-09-03,4.642,4.608,-0.034,Stable Consensual,205.3,214.7,9.4,0.8319,0.1681,0.247,0.753,0.5753,0.4247
The Human Condition II: Road to Eternity,1959,Golden Era (Pre-1970),History,Japanese,338,2013-02-05 to 2021-04-16,2023-03-06 to 2024-09-02,4.483,4.581,0.097,Stable Consensual,182.2,162.8,-19.4,0.8834,0.1166,0.258,0.742,0.6038,0.3962
The Human Condition III: A Soldier's Prayer,1961,Golden Era (Pre-1970),History,Japanese,338,2013-02-05 to 2021-05-30,2023-05-17 to 2024-09-01,4.746,4.809,0.064,Stable Consensual,226.7,181.3,-45.4,0.8648,0.1352,0.2552,0.7448,0.6404,0.3596
The Iron Giant,1999,Classic Era (1970-1999),Animation,English,326,2012-06-02 to 2020-08-18,2022-09-09 to 2024-09-02,4.544,4.61,0.066,Stable Consensual,107.7,87.5,-20.3,0.8524,0.1476,0.2646,0.7354,0.6203,0.3797
The King of Comedy,1982,Classic Era (1970-1999),Comedy,English,344,2011-01-18 to 2020-07-10,2022-10-07 to 2024-09-01,4.521,4.367,-0.154,Negative (Hype Decay),143.1,134.9,-8.2,0.9081,0.0919,0.2701,0.7299,0.6584,0.3416
The Life and Death of Colonel Blimp,1943,Golden Era (Pre-1970),Comedy,English,328,2012-08-06 to 2020-04-08,2022-12-22 to 2024-09-01,4.518,4.412,-0.105,Negative (Hype Decay),262.9,222.1,-40.8,0.9131,0.0869,0.2792,0.7208,0.6001,0.3999
The Lion King,1994,Classic Era (1970-1999),Animation,English,324,2012-09-05 to 2021-10-09,2023-11-06 to 2024-09-02,4.531,4.708,0.177,Positive (Canonization),149.7,143.4,-6.2,0.8618,0.1382,0.2599,0.7401,0.6099,0.3901
The Lives of Others,2006,Modern Era (2000-2024),Thriller,German,331,2010-12-09 to 2021-01-18,2022-06-17 to 2024-09-03,4.326,3.887,-0.439,Negative (Hype Decay),214.9,124.0,-91.0,0.5953,0.4047,0.2284,0.7716,0.6325,0.3675
The Lord of the Rings: The Fellowship of the Ring,2001,Modern Era (2000-2024),Adventure,English,333,2012-08-17 to 2021-01-24,2023-03-04 to 2024-09-03,4.591,4.754,0.164,Positive (Canonization),166.7,144.7,-21.9,0.8164,0.1836,0.2469,0.7531,0.6438,0.3562
The Lord of the Rings: The Return of the King,2003,Modern Era (2000-2024),Action,English,337,2007-07-10 to 2021-02-17,2023-05-28 to 2024-09-02,4.645,4.859,0.214,Positive (Canonization),156.9,152.9,-4.0,0.8321,0.1679,0.2762,0.7238,0.6468,0.3532
The Lord of the Rings: The Two Towers,2002,Modern Era (2000-2024),Action,English,335,2002-12-20 to 2021-01-21,2023-04-03 to 2024-09-01,4.603,4.718,0.115,Positive (Canonization),154.6,121.7,-32.9,0.8138,0.1862,0.2582,0.7418,0.6508,0.3492
The Man Who Shot Liberty Valance,1962,Golden Era (Pre-1970),Western,English,321,2008-01-27 to 2021-02-09,2023-01-01 to 2024-09-01,4.554,4.482,-0.071,Stable Consensual,255.9,187.2,-68.6,0.8254,0.1746,0.226,0.774,0.6467,0.3533
The Night of the Hunter,1955,Golden Era (Pre-1970),Crime,English,329,2012-02-10 to 2020-07-24,2022-08-28 to 2024-08-31,4.513,4.322,-0.191,Negative (Hype Decay),215.0,146.5,-68.5,0.8762,0.1238,0.2673,0.7327,0.6868,0.3132
The Passion of Joan of Arc,1928,Golden Era (Pre-1970),History,No spoken language,339,2012-02-02 to 2020-09-16,2023-01-22 to 2024-09-03,4.636,4.597,-0.038,Stable Consensual,204.6,116.4,-88.2,0.764,0.236,0.2429,0.7571,0.646,0.354
The Pianist,2002,Modern Era (2000-2024),War,English,338,2004-10-25 to 2021-01-28,2023-04-06 to 2024-09-03,4.411,4.538,0.127,Positive (Canonization),146.6,105.6,-41.0,0.6522,0.3478,0.2181,0.7819,0.6018,0.3982
The Prestige,2006,Modern Era (2000-2024),Science Fiction,English,341,2006-10-18 to 2020-10-24,2023-05-15 to 2024-09-03,4.353,4.576,0.223,Positive (Canonization),116.7,136.1,19.4,0.8301,0.1699,0.2536,0.7464,0.6593,0.3407
The Red Shoes,1948,Golden Era (Pre-1970),Romance,English,346,2011-04-18 to 2020-12-11,2023-01-13 to 2024-09-03,4.616,4.653,0.037,Stable Consensual,197.5,121.6,-75.9,0.9132,0.0868,0.2841,0.7159,0.6724,0.3276
The Seventh Seal,1957,Golden Era (Pre-1970),Fantasy,Swedish,333,1957-02-16 to 2020-06-29,2022-09-24 to 2024-09-03,4.353,4.332,-0.022,Stable Consensual,196.6,159.0,-37.6,0.7686,0.2314,0.2518,0.7482,0.6501,0.3499
The Shawshank Redemption,1994,Classic Era (1970-1999),Crime,English,336,2010-04-14 to 2021-01-23,2023-03-25 to 2024-09-02,4.641,4.731,0.09,Stable Consensual,180.8,105.3,-75.6,0.8342,0.1658,0.2582,0.7418,0.6274,0.3726
The Shining,1980,Classic Era (1970-1999),Horror,English,335,2010-05-13 to 2020-10-24,2022-11-01 to 2024-09-03,4.632,4.756,0.124,Positive (Canonization),267.3,160.4,-106.9,0.6566,0.3434,0.2433,0.7567,0.6364,0.3636
The Silence of the Lambs,1991,Classic Era (1970-1999),Crime,English,334,2012-12-01 to 2020-10-11,2023-02-22 to 2024-09-03,4.582,4.776,0.194,Positive (Canonization),198.8,134.4,-64.3,0.7778,0.2222,0.2464,0.7536,0.6439,0.3561
The Tale of The Princess Kaguya,2013,Modern Era (2000-2024),Fantasy,Japanese,340,2014-06-15 to 2020-12-24,2022-10-04 to 2024-09-02,4.424,4.581,0.157,Positive (Canonization),175.4,157.8,-17.6,0.8722,0.1278,0.2729,0.7271,0.6451,0.3549
The Thing,1982,Classic Era (1970-1999),Mystery,English,340,2012-10-07 to 2020-11-07,2022-10-09 to 2024-09-04,4.691,4.648,-0.042,Stable Consensual,193.3,199.7,6.4,0.8717,0.1283,0.2596,0.7404,0.5942,0.4058
The Third Man,1949,Golden Era (Pre-1970),Thriller,English,321,2012-06-11 to 2020-08-04,2022-02-13 to 2024-09-02,4.496,4.406,-0.089,Stable Consensual,235.0,171.4,-63.6,0.8871,0.1129,0.2691,0.7309,0.6186,0.3814
The Treasure of the Sierra Madre,1948,Golden Era (Pre-1970),Western,English,332,2011-07-18 to 2020-10-09,2022-06-11 to 2024-08-17,4.517,4.448,-0.069,Stable Consensual,190.9,177.2,-13.7,0.9114,0.0886,0.2823,0.7177,0.6497,0.3503
The Truman Show,1998,Classic Era (1970-1999),Comedy,English,337,2012-08-07 to 2021-03-01,2023-04-20 to 2024-09-02,4.577,4.513,-0.064,Stable Consensual,122.7,73.4,-49.4,0.7805,0.2195,0.2401,0.7599,0.6284,0.3716
The Wages of Fear,1953,Golden Era (Pre-1970),Adventure,French,340,2001-03-04 to 2020-09-26,2022-08-12 to 2024-09-02,4.424,4.347,-0.076,Stable Consensual,260.1,172.0,-88.0,0.838,0.162,0.2647,0.7353,0.6266,0.3734
The Weeping Meadow,2004,Modern Era (2000-2024),History,Greek (modern),334,2004-09-12 to 2021-12-17,2023-10-12 to 2024-09-01,4.392,4.134,-0.259,Negative (Hype Decay),120.1,94.0,-26.0,0.7712,0.2288,0.2178,0.7822,0.6122,0.3878
The Young Girls of Rochefort,1967,Golden Era (Pre-1970),Romance,French,343,2006-10-15 to 2020-12-09,2022-06-05 to 2024-09-03,4.621,4.621,0.0,Stable Consensual,155.9,114.3,-41.7,0.8598,0.1402,0.2456,0.7544,0.6276,0.3724
Three Colours: Red,1994,Classic Era (1970-1999),Mystery,French,346,2012-07-14 to 2020-09-11,2022-06-16 to 2024-09-03,4.504,4.562,0.058,Stable Consensual,173.0,151.8,-21.2,0.8864,0.1136,0.2623,0.7377,0.6478,0.3522
Throne of Blood,1957,Golden Era (Pre-1970),History,Japanese,335,2008-06-21 to 2020-11-21,2022-10-06 to 2024-09-03,4.316,4.295,-0.021,Stable Consensual,192.8,173.7,-19.1,0.9006,0.0994,0.2695,0.7305,0.6299,0.3701
To Be or Not to Be,1942,Golden Era (Pre-1970),Comedy,English,334,2011-12-16 to 2020-11-04,2022-07-06 to 2024-09-04,4.522,4.513,-0.009,Stable Consensual,155.9,132.7,-23.3,0.8642,0.1358,0.2494,0.7506,0.6214,0.3786
Ugetsu,1953,Golden Era (Pre-1970),Fantasy,Japanese,323,2001-04-14 to 2020-08-01,2021-10-31 to 2024-09-02,4.522,4.314,-0.208,Negative (Hype Decay),179.8,166.0,-13.8,0.8358,0.1642,0.264,0.736,0.6477,0.3523
Underground,1995,Classic Era (1970-1999),Comedy,Serbian,322,2013-09-01 to 2021-04-08,2023-04-17 to 2024-08-28,4.321,4.518,0.196,Positive (Canonization),189.9,105.5,-84.4,0.7916,0.2084,0.2282,0.7718,0.598,0.402
Vertigo,1958,Golden Era (Pre-1970),Thriller,English,334,2011-05-01 to 2020-06-11,2022-10-01 to 2024-09-04,4.392,4.526,0.134,Positive (Canonization),259.1,250.2,-9.0,0.7501,0.2499,0.2276,0.7724,0.629,0.371
War and Peace,1967,Golden Era (Pre-1970),Romance,Russian,323,2003-06-08 to 2021-09-07,2023-05-17 to 2024-08-26,2.978,3.177,0.199,Positive (Canonization),130.1,82.8,-47.3,0.8107,0.1893,0.2149,0.7851,0.6495,0.3505
Where Is the Friend's House?,1987,Classic Era (1970-1999),Family,Persian (Farsi),330,2013-01-25 to 2021-01-18,2021-11-13 to 2024-09-01,4.37,4.374,0.004,Stable Consensual,164.4,172.5,8.1,0.8148,0.1852,0.2303,0.7697,0.6467,0.3533
Whiplash,2014,Modern Era (2000-2024),Music,English,333,2014-08-06 to 2020-01-01,2022-08-09 to 2024-09-03,4.53,4.832,0.302,Positive (Canonization),176.7,73.7,-103.1,0.2969,0.7031,0.2147,0.7853,0.6458,0.3542
Wings of Desire,1987,Classic Era (1970-1999),Fantasy,German,328,1997-09-21 to 2021-01-04,2022-08-27 to 2024-09-03,4.395,4.364,-0.031,Stable Consensual,267.1,174.2,-92.9,0.8414,0.1586,0.2576,0.7424,0.6533,0.3467
Witness for the Prosecution,1957,Golden Era (Pre-1970),Crime,English,341,1957-12-17 to 2021-01-26,2023-01-27 to 2024-09-03,4.458,4.349,-0.109,Negative (Hype Decay),177.4,137.9,-39.5,0.8712,0.1288,0.2399,0.7601,0.6351,0.3649
Woman in the Dunes,1964,Golden Era (Pre-1970),Thriller,Japanese,344,2013-05-14 to 2020-08-21,2022-02-10 to 2024-08-28,4.621,4.546,-0.075,Stable Consensual,245.8,151.4,-94.4,0.8691,0.1309,0.2663,0.7337,0.6773,0.3227
Yojimbo,1961,Golden Era (Pre-1970),Thriller,Japanese,337,2012-04-14 to 2020-09-01,2022-03-07 to 2024-09-02,4.423,4.415,-0.009,Stable Consensual,196.8,153.5,-43.3,0.9214,0.0786,0.2733,0.7267,0.6689,0.3311
Your Name.,2016,Modern Era (2000-2024),Romance,Japanese,343,2016-09-08 to 2020-04-07,2022-08-11 to 2024-09-02,4.371,4.542,0.171,Positive (Canonization),166.4,124.8,-41.6,0.7792,0.2208,0.2522,0.7478,0.6212,0.3788
Z,1969,Golden Era (Pre-1970),Thriller,French,322,2012-02-13 to 2021-04-15,2022-09-17 to 2024-09-03,4.438,4.571,0.134,Positive (Canonization),217.6,138.6,-79.0,0.8767,0.1233,0.2691,0.7309,0.6512,0.3488
